Nota,Texto
5,"Pra quem mora em zona urbana ele atende bem, mais para interior ensolarado,ele fica auxiliando muito,e a bateria depois de 4meses dura no máximo 2dias carregada 🔋."
5,"Muito bonito, bem acabado, marca certinho a distância o pace que vc está, ótimo pra quem gosta de corrida, recomendo."
5,"Gostei muito do produto! porem nas descrições diz ser 3 atm. Entao acreditei que pelo menos em piscinas eu poderia entrar, visto que o smartwatch aguentaria ate 30m de profundidade. Porem, no certificado informa nao poder mergulhar, nem tomar banho e apenas chuvas leves, devido a movimentação da agua, que pode danificar o produto. Ele chega a ter uma trava nas configurações, de agua, entao me fez acreditar mais ainda poder kkkk tirando isso, estou gostando bastante do produto, e pesquisei mt, pois nao queria um relogio mt grande no meu pulso pq ele é bem fino. Na foto parece estar grande, mas acredito nao ser nem tao grande e nem tao pequeno, esta na faixa de um relogio em um tamanho mediano. Se nao me engano ele tem 1,78’’ e o amazif mini da minha irma tem 1,68. Ainda nao comparei com o dela pessoalmente, mas acredito que nao ser uma diferença mt grande. Sendo assim, acredito ter feito uma ótima compra dentro do que eu estava disposta a gastar em um relogio, pois quero apenas p marcaçoes dos meus treinos e coisas poucas. Amei o produto!."
5,"O smartwatch action tem um bom acabamento conector rápido, vamos testar sua performance em esportes, bateria e seus sensores de monitoramento."
5,"Nossa, é incrível!. Marca os passo, batimentos e é muito fácil de mexer. Material de qualidade, a bateria dura bastante e é muito fashion! eu tem recomendo."
5,"É bonito ,porém achei q teria mais funções mais é muito bonito e prático."
5,Um excelente smartwatch.
5,Eselente.
5,Amei.
5,"Então bora lá avaliar , comprei pra usar na prática de corrida já que um garmin tá mais que o dobro do valor vamos de bip 5 , usei hoje para um treino de 2km corrida e liguei meu app praticamente deu o mesmo percurso e o relógio foi segundos mais rápido como podem ver no comparativo da foto ainda estou aprendendo a usar e pode ficar melhor com o tempo mais a princípio está ótimo para marcar o treino ele vibra no pulso a cada km corrido e isso é muito maneiro pra quem gosta de saber como tá a evolução e fala tbm porém ainda não consegui mudar a fala p/ português mais logo consigo eu acho , espero ter ajudado quem está afim de comprar , só uma coisa achei ele meio grandão pra mim que sou magro e tenho o pulso fino mais tá valendo quero é marcar o tempo da corrida kkkkk o gps demora uns 20 seg pra se conectar mais suave dps só correr. Galera podem comprar sem medo ja estou a um mes usando o relogio é otimo , o gps funciona muito bem so esperar ele ficar verdinho e comecar o treino , pesquisei varios modelos ate 500 e este foi a melhor opcao vi videos no youtube e com certeza foi a melhor opcao que poderia comprar , nao tem para o garmim iniciante vai de bip 5 so nao aconselho nadar com ele , achei a protecqo dele baixa de resto vai ser feliz ah treinos na esteira , dps que vc ajusta os km nos primeiros treinos dps ele da uma diferenca de 100 metros na esteira e isso ajustavel entao registre todos os seus treinos e veja sua evolucao mes a mes. E bora que bora."
5,"Achei muito bom. Tem muitas funções. Ainda estou aprendendo. O gps funcionou bem. As medidas de frequência cardíaca e oxigenação também são ótimas. A correia é flexível e forte, com sistema de prender interessante, por baixo. A programação de treino intervalado parece simples, ainda tenho que testar fazer um treino mais complexo."
5,"Uso pra corrida de rua, a precisao do gps é uma obra prima com 4 satélites ele é muito preciso e localiza bem rápido, pra quem for usar pra correr vale muito a pena."
4,"Ao contrário que alguns dizem, eu gostei bastante do gps dele, não testei a conectividade com a alexa. Bateria dura uma semana, com cerca de 90% de utilização de recursos, só não usei a o de ciclo menstrual, e a frequência de monitoramento é a cada 10 min. Tomo banho tranquilamente com ele, não deu nenhum problema com água quente e fria, ainda não mergulhei com ele. Uso ele para academia, treino de superiores eu dou uma nota 7/10 pq se a amplitude do exercício for pouca ele não pega, nota 2/10 para treino de inferiores, ele não consegue contar agachamento ou qualquer outro treino de perna em uma máquina, então eu faço o treino e depois no app eu adiciono as repetições nas séries."
5,"Tudo oque eu buscava eu encontrei neste modelo, uso para correr e pedalar e agora não preciso levar meu celular, se conecta com o gps muito rápido, conexão automática com o strava só de conectar no bluetooth, possui alguns apps e jogos que podem ser baixados, é um ótimo custo benefício com certeza !."
5,Excelente produto. A tela é de qualidade e com uma imagem perfeita. Consegui ver tudo com o sol batendo direto.
5,"Para quem tem um celular samsung, faz a diferença a quantidade de integrações disponíveis e interatividade cruzada entre celular e pulseira. Achei o samsung health (app que recebe os dados da pulseira) bem mais completo que os concorrentes chineses, lembrete para água com função de marcar a quantidade consumida ao longo do dia, também tem a função para registrar os alimentos consumidos durante o dia (esse só pelo celular). Medições de sono, batimentos e etc. , muito bem acertada. Sobre a pulseira em si, é muito leve, a tela é muito boa, pode customizar as ""faces"" do relógio inclusive com fotos do celular. Enfim, para quem tem celular samsung, recomendo a compra, pois vale pagar um pouco a mais (20% a mais que uma chinesa equivalente no meu caso), pelo software samsung e pela integração entre celular e pulseira, além da construção e aparência de muita qualidade e bom gosto. Se tem celular de outra marca, aí talvez tenha outras opções com um custo benefício melhor."
5,"Ótimo, bonito comprei pra minha esposa e usei pra testar somente, essa cor rosé é bem bonita mesmo. O relógio é ótimo funciona tudo com cell samsung e com o health. Testei na água perfeito resistiu normal. Bateria durando 8 dias com uso medio/intenso. Brilho automático é otimo! (o que não tinha até as fit2). E pra quem interessar ele rastreia o trajeto da caminhada desde que vc esteja com o cell pareado junto de você (antes não estava mas agora atualizou o sistema e voltou a funcionar isso!). Unico problema é película! por ter as bordas curvas, nenhuma pelicula dura mais de 1 mes nesse relógio. O jeito é usar sem película e tomar cuidado. Tire o relógio se for fazer trabalhos braçais. No mais, gostei. Espero ter ajudado."
5,"Excelente com funções realmente úteis, perfeito para meu uso, recomendo para quem não quer um smartwatch caro, melhor smartband de todas."
5,Gente estou maravilhada com meu smartwatch da samsung. Simplesmente lindo. Conecta com xiaomi. Tem muitas opções. Notificação de whatsapp. Spotify. Chamadas. Localiza seu celular. Tem a função de vc pôr sua foto. Para seus treinos então maravilhoso. Meu pulso é muito fino e ficou perfeito. Comprem sem medo. Vcs vão amar como eu estou amando o meu.
4,"O produto é muito bom. Claro, não é 100%. Mas cumpre legal o seu propósito. Esteticamente é igual ao da apple. A pulseira de silicone que vem junto, é bem pequena. Não coube no meu punho. Mas a de couro sim. A função de responder whatsapp funciona bem. Mas às vezes, ao desconectar o bluetooth e conectar de volta, fica sem essa função de responder. Aí tenho que desconectar do whatsapp do celular e voltar a conectá-lo lendo o qr code, igual como fazemos no whatsapp web. Ou seja, tem o problema, mas tem a solução! bateria dura uns 4 dias. No mais, vale muito o preço pedido."
5,"Simplesmente amei este relógio! ele é realmente impressionante e cumpre tudo o que promete. A performance é ótima, e ele é incrivelmente completo. Fiquei surpreso com a quantidade de recursos: além de todos os treinos monitorados e o gps/localização super preciso, ele ainda tem a funcionalidade de responder mensagens do whatsapp diretamente no pulso, o que é um diferencial enorme. E para os momentos de lazer, ainda tem uns jogos super divertidos. Super recomendo, vale cada centavo!."
5,"Achei bom pelo valor, a função do whatsapp funciona, bateria duas em média 48h usando as funções do relógio conectado no celular."
5,"Gostei muito, tem muitas funções preciso aprender kkkk mas achei muito bom e útil."
5,"Testei uns dias para conseguir ter uma opinião sobre o produto. Os relógios da garmin são excelentes. O forerunner 55 é um relógio de entrada, tem um valor um pouco elevado comparado a outros de entrada no mercado. Mas, vamos lá, estou usando tem uns 5 dias, fazendo atividade física diariamente e, não tive necessidade de carrega-lo, o, que me agrada. Sobre as sua funcionalidades, tudo muito intuitivo , bem fácil de usar, desde a escolha do exercício ao acompanhamento do batimento cardíaco. Estou satisfeita com meu relógio."
5,"Perfeito, lindo disgner. Tenho o punho fino e ficou ótimo para mim."
5,"Relógio muito top, excelente pra quem tá começando e quer qualidade por um preço razoável pra caber no bolso, 100% preciso. Me embananei nos 2 dias depois foi só felicidade. Pra quem quer se dedicar e quer um investimento e os pais não podem pagar tanto ou não tens muito dinheiro, o relógio entra perfeitamente no orçamento."
5,"O produto já era conhecido. Garmin!! não tem o que falar. Perfeito!! capta rápido os satélites, sincroniza fácil com strava. Enfim. Perfeito!."
5,"Vale muito a pena o custo benefício desse produto. Ele atende bem ao propósito de treinos pra mim, que são musculação e corrida. Pratico a corrida de rua desde 2017, já fiz 11 meias maratonas e uma ultramaratona de 50km. Ele será meu companheiro de treinos e minhas próximas provas de curta, média e longas distancias."
5,"Garmin é garmin sem explicação relógio top, além do mais é o mais novo lançamento da garmin, pra quem quer custo benefício entre o 55 ou 245 sugiro o 165 pois é o intermediário que atende super bem."
5,"Relógio muito leve e bonito. Bem completo e um dos melhores custo benefício da garmin para as minhas atividades no momento. Produto original (verifiquei número de série no site da garmin), porém não veio lacrado e também não veio nota fiscal."
5,"Eu já sabia da qualidade do relógio, minha maior dúvida era o tamanho dele no meu pulso que é bem fino. Então tirei a foto para mostrar, fica grande sim, mas acho que o tamanho é super aceitável. Recomendo demais, depois de dois dias usando a gente não consegue mais saber como sobreviveu tanto tempo sem ele. Kkk na corrida principalmente, é essencial."
5,"O produto não vem lacrado, mas ate agora funciona muito bem e é original (conferi numero de serie no site do garmin)."
5,"Excelente produto. Acho caro. Dizer que vale cada centavo, não sei dizer. Mas gosto muito da função de bateria corporal. Informações que gostaria de saber antes de comprar: 1) a pulseira me incomoda. Pra quem tem o pulso mais gordinho, fica marcando; 2) não dá pra selecionar, no iphone pelo menos, quais apps mandam ou não notificações. As notificações são todas que aparecem no seu celular. Muito satisfeito com a compra!."
4,"Muito bom. Várias coisas úteis como chat gpt q realmente funciona, as vezes se tiver em um ambiente com muita pessoa ele pode nao entender com clareza. Única coisa ruim é q existem alguns bugs no negocio da música pois qiando eu botava p pausar a música q tocava no meu fone no relógio a música ia automaticamente p relogio, mas tem como resolver isso e depois q arrumei ficou dboa."
4,"Meu pulso é fino, então ficou muito bom. Fácil de usar, muito completo e amei a pulseira extra para usar com roupas mais arrumadas em momentos de passeio!."
4,Eu gostei do relógio só não tô conseguindo responder as mensagens nele.
5,"Pouco tempo de uso, mas já estou amando. Meu segundo da amazfit, o outro durou 3 anos e até o último dia me atendeu muito bem."
5,Relógio top ! qualidade e precisão dos aplicativos impressiona.
5,"Realmente o melhor custo benefício, muito completo mesmo."
5,Excelente custo benefício.
5,Ótimo produto.
5,Até o momento eu gostei.
5,Produto de excelente qualidade.
5,"Surpreendentemente top! tela de excelente qualidade, cumpre perfeitamente o que promete."
5,Perfeito.
5,"Superou minhas expectativas com a gama de funções e modos que existem. A bateria dura um pouco menos do que prometem, cerca de 4 dias usando ao máximo todas as funções, mas de resto, pelo valor, me surpreendeu bastante."
5,"Relógio muito bom, até agora a bateria já durou 15 dias, mais tbm desativei algumas funções q consomem muito a bateria, ótimo custo benefício. Vale apena."
4,"Eu achei um ótimo smartwatch de entrada, e é muito bonito. Nada além disso. Boa conexão com app, boas medições, uma tela muito linda, onde consegue-se enxergar bem mesmo no sol. Resistente a água, pra banho e chuva, não pode mergulhar, então não serve pra natação. Ele tem boas configurações de notificação, pode escolher de quais apps quer que apareça. Não tem como responder mensagens por exemplo, e o texto nem sempre aparece, mas pesquisei e parece que isso foi por causa de uma atualização de segurança e privacidade do android. Até dá pra fazer e atender ligação, se o celular estiver perto, inclusive pra quem tem duvida, não tem como escutar musica sem o celular, só controla-la. Mas pra mim que queria um smartwatch basico e que fosse bonito pro dia - a - dia, gostei bastante."
5,"Qualidade impecável, gps, com boa conectividade, música também, e restante também, bateria dura 5 a 6 dias uso por dia 4 a 7 horas o dia."
5,"Produto muito lindo e confortável, a bateria até que dura bem, não tive coragem de tomar banho com ele mas acredito que dá pra fazer bem tranquilo até porque tem resistência a água pra isso."
5,"Adorei ter recursos para o dia a dia, como resistência à água, boa duração da bateria e o conforto de usar uma pulseira metallica para ocasiões especiais e uma de borracha para esportes."
5,"Relógio muito bom, opção de colocar foto personalizada."
5,"Ótimo relógio, estou gostando muito. A bateria dura bastante entre 4 a 5 dias."
5,"Custo benefício excelente, bateria dura bastante, material de boa qualidade."
5,"Eu tenho um apple watch, a ideia é usar algo próximo do que aw é, mas estou me surpreendendo. É claro que ele nao tem nfc, mas não encontrei algo que meu relógio da maçã faz a mais. A bateria do t rex 3 é algo absurdo. Realmente ele tem umas poucas limitações com o sistema ios. O tamanho me assustou um pouco, estou tentando me acostumar, mas posso garantir que é um excelente relógio, estou gostando muito."
5,"Achei que ficaria muito grande no pulso, mas ficou muito bem, leve, da para ver que é bem resistente qualidade da tela é sensacional."
5,Relógio sensacional. Melhor que samsung e huawei que ja pude testar!.
5,Estava indo tudo bem até que acordei com alergia no pulso depois de uma semana usando direto tirar do pulso.
5,"Tá pra ser inventado um relógio com essa qualidade e com esse preço, desconheço melhor custo-benefício."
4,"O relógio é lindo ,mais não está aparecendo meu whatsapp nem instagram nem as msgs."
5,"E um produto bom e de custo beneficil exelente , superou minhas esctativa."
5,Muito top recomendo.
5,Ótimo relógio.
5,Muito bom o produto valeu a pena.
5,"Pra quem está com dúvida, este é mesmo o solar plus rt3. Podem comprar tranquilo."
5,"Melhor custo benefício de 2023. Tinha comprado um ticwatch c2+, com wearos 2, devolvi. Sistema operacional da google todo mal acabado e já descontinuado. Esse haylou surpreendeu muito, e sempre no bom sentido. A pulseira é muito boa e confortável, o display é muito bonito e a bateria está durando bem sem as notificações e always on display(o que mais consome bateria!). Monitora sono automaticamente, vi comentários negativos mas eu não tenho do que reclamar. Na verdade é bom, pq assim não esqueço de ativar. No mais, todas as funcionalidades que ultilizei foram satisfatórias. O produto é original. Configuração muito fácil e não tive do que reclamar sobre o app pq fiz tudo solicitado, dando as permissões corretas e desabilitando a opção de pausar o app por inatividade, é só configurar com calma."
5,"Ótimo custo benefício, atende o que promete. Ainda não testei se é aprova d'água, mas parece ser. Só achei um pouco lento para mostrar quando vira o pulso, mas nada que incomode."
5,"Edit: usando a 4 meses, 100 % sem problema, medições muito precisas e a parte de ""esportes"" muito completa, com muitas funções, super recomendo. Vou comprar outro pq uso 24h e acabei arranhando ele, recomendo tbm procurar uma película. Estou usando a 2 dias ! até agora 100%. Monitoramento de bpm e oxigenação, além de monitoramento do sono, muito bom e preciso. Pelo uso até agora a bateria deve durar uns 7 dias. Com tudo ligado, inclusive a tela "" sempre ligada"". Pouco tempo de uso, mas aprovado com certeza. Recomendo a compra."
5,"Relógio muito bom simples e bonito, ótimo custo benefício. A pulseira poderia ser um pouco melhor mas compensa em varias outras coisas e como é removível é fácil encontrar outra."
4,"Apesar de não ter conhecimento desse, mesmo assim comprei. Atendeu todas as espectativas. Recomendo 👍."
5,"Exelente. Vale super a pena, ja mergulhei com ele, é a prova da água mesmo, bateria top, mas nao durou 15 dias, ja carreguei 2 vezes durou 10 dias, pra mim ta exelente, aprovadissimo."
5,"Produto altamente recomendado. Em uso continuo com todas as funções em automático, leituras, bluetooth, virar para ligar a tela e essas coisas e durou 8 dias. Em uso menos severo por cerca de 15, 20 dias tranquilo. Vale muito a pena!."
5,"Estou usando faz uma semana, corro com ele, marca bem a quilometragem, tomo banho com ele, mergulhei ele na água e está intacto, faz 7 dias que estou usando e a bateria está em 54%, mas está com todas as funções ativas, acredito que limitando algumas funções ele dure em torno de uns 20 dias."
5,"Vamos ver em relação a resistência, veio conforme o anunciado. Parece resistente."
5,"Simplesmente amei! eu tinha medo de ficar muito grande, pois meu pulso é fino. Mas achei que ficou ótimo. Ainda mais se posicionar ele na posição adequada recomenda pelo fabricante, para leitura correta dos batimentos e oximetria. Sincronização ótima com meu iphone 16pro max. Muitos recursos e a bateria dura muuuitos dias. Super recomendo."
5,"Perfeito, podem comprar sem medo, tenho a pele parda e estava com receio se o prata ia ficar legal, e ficou ótimo, a pulseira é num cinza bem clarinho, muito grata pela compra, recomendo! obrigada! ❤️."
5,"Smart perfeito! eu tenho um mi band 9 esse não deixa a desejar. Lindo, brilho muito alto. Super indico. Lindo demais!. Bateria, no meu caso, tem durado uma semana. Mais depende do que vc habilita. Amoooo!."
5,"Por enquanto estou testando, e estou gostando muito. Tive um fit 3 e não curti tanto talvez pq utilizava no ios, agora estou com um android. Vamos ver esse aqui, por enquanto top, lindo de mais e muito fluido."
5,"Ao abrir a caixa de cara fiquei impressionado com o material do relógio e sua beleza. Depois de parear e configurar com o celular e atualizar o próprio relógio, estou com toda certeza feliz pela compra."
5,"Excelente, smartwatch perfeito, a huwaei está mandando bem demais, o sistema é muito fluido e os sensores são muito precisos, super recomendo!!!. Em relação a bateria, dura tranquilamente 1 semana, e carrega em menos de 1 hora, simplesmente incrível!!!."
5,Excelente produto.
5,"Comprei pra esposa que pratica esporte, corrida, ciclismo e musculação ela está adorando é completo o relógio pra atividade física e tem os planos até de dieta."
5,"Relógio muito bonito, leve e com boa construção em material! recomendo!."
5,"Muito bom, atendeu as minhas expectativas."
4,"Produto leve, tamanho perfeito, a prova d’água e sistema fluido. Só dei 4 estrelas porque faltou nfc de pagamento."
5,É perfeito. Amei demais. Ele é do tamanho perfeito e tem muitas funcionalidades! funciona tudo certinho. Vem com manual e carregador usb.
5,"Muito bom, a bateria dura muito usando direto. É muito delicado se encaixa perfeito no pulso feminino. Comprei de presente para minha esposa e ela amou!."
5,Pra configurar precisa ter o app mi fitness da xiaomi. Mas é fácil de mexer. Recomendo.
5,Perfeito super recomendo.
5,"No geral eu estou gostando, ela é leve, o toutch bom, funções até o momento funcionando bem, único ponto negativo é a película qie veio com ela, ela não cola nas bordas o que faz acumular sujeira com o tempo, melhor deixar sem ou tentar achar a específica na medida certa."
5,Muito bonito e funcional.
5,Muito 👍.
5,Relógio top pode comprar sem. Medo.
4,"Contém bastante funções de personalização e medidas de saúde, a saída de áudio e sistema de notificações são medianas. Contém app próprio e serve bem para acompanhar caminhadas e exercícios!."
5,"Esse smartwatch me surpreendeu por sua qualidade e funcionalidades, achei ótimo! a conexão com iphone deixa a desejar, disparo de câmera não funciona, troca de música só se o celular estiver colado no relógio, achar o telefone também não funciona, e outras. Dentro do que eu preciso, supre bem minhas necessidades. Me surpreendeu para natação na detecção do nado e detalhamento das chegadas."
5,"Funciona muito bem, tinha outro da maçã porém a bateria durava pouco, esse com ajustes certos perde 10 a 15 por cento por dia, ele atende ligação por zap, coisa que o outro não fazia, tem mais sensores de saúde, que eu preciso, pontuação do sono mesmo, precisava. Demorei um dia para aprender mexer, e ainda continuo aprendendo, ele ensina dicas de mexer, tem microfone, alto falante, tá valendo cada centavo."
5,"Muito lindo! a proporção com meu pulso (fino) ficou boa. Uso iphone, então há limitações: não é possível salvar musicas nele, responder mensagens ou baixar aplicativos. Mas o restante das funcionalidades são perfeitas, o gps é muito bom."
5,"Pra vc que tem um iphone e quer um relógio focado em atividades físicas e não quer investir pesado, esse é um ótimo relógio. A huawei é bem conhecida pelos seus sensores e a precisão deles é muito boa. Ele tbm conta com planos de treino inteligentes para corredores, além de vários modos de treino. Infelizmente não faz a contagem de repetições pra quem faz treino de força. A bateria dura em media 5-6 dias com todos os sensores ativos e fazendo 4-5 atividades por semana. No geral, estou curtindo bastante."
5,"Pulseira aveludada,confortável e sofisticado."
5,"Ótimo relógio, com duas pulseiras e a bateria dura muito, muito bonito e estiloso gostei muito e recomendo."
5,"Gostei do custo benefício, bonito e prático."
4,"Top ,só não funciona no braço esquerdo somente no direito."
5,Muito bom. Marca tudo certinho vale a pena comprar.
4,"O relógio é presente para familiar, foi enviado para outro país, está funcionando bem."
5,Muito divertido e útil.
5,"Aparelho bom, cumpre o prometido! ligações de voz nítidas! uso de chip onde podemos saber a localização exata da criança! também faz videochamadas!."
5,"Melhor presente para as minhas filhas. Funciona super bem, a ligação é super nítida e a chamada de vídeo tbm, de ótima qualidade e bem divertida. As crianças acharam bem fácil de mexer e pelo app faço todo o acompanhamento, muito bom."
4,Comprei dois. São úteis para quem se preocupa com os filhos na escola.
5,"Muito bom e prático. Uma dica para quem encontrar dificuldade em sincronizar com o celular e não estiver conseguindo. Entre em configurações do smartwatch e vá até opção sobre, e depois a opção restaurar de fábrica após aparelho ligar voltar em configurações e procurar opção para habilitar a função de bluetooth aí só mandar procurar no celular e seguir as instruções. Nos 2 que foram comprado fiz isso e sincronizou corretamente e sem erro."
4,"Gostei, embora descarrega muito rápido!."
5,Boa qualidade e funcionalidade.
5,"Estou adorando , ótimo produto!."
5,"Perfeitooo original, eu ja tinha um modelo anterior peguei esse top de mais."
5,Os produtos da apple são sempre perfeitos.
5,Maravilhoso!.
5,Muito bom mas não tem a opção natação triste pq comprei só pra isso.
4,"Eu gostei (tinha a miband 8). Contudo, comparando com a 8, por mais que essa tenha ""melhores sensores"" etc, senti essa miband9 inferior. Nos relatórios de treino, ela não traz a mesma quantidade de informações que a 8, não entendi porque. Além disso, a tela é maior? sim, mas tem uma borda grossa horrorosa, que faz com que seja aparentemente inferior. Tem maior iluminação de tela? sim, contudo não é um bom destaque. Parece mais leve, não me causou alergia no braço até agora e tudo funciona bem. Sinceramente, não vi diferença pra miband8, e não compraria novamente, deveria ir logo pra miband10 (pensando em querer upgrade e tal). Não fui, porque além do preço ser mais alto, não tem utilidade pra minha necessidade que é acompanhar o sono, treinos etc (sem natação). Ah, e só tem algumas poucas telas de fundo/ utilitárias (e são feias e nada práticas). Então mais um quesito que a 8 ganha. Então se você estiver pensando em comprar uma, compre a miband8, vai pagar menos, e vai ter a mesma qualidade que essa. Fora que é bem mais bonita. Porém estou satisfeita. Duração da bateria continua excelente."
5,Gostei muito.
5,Amei esse relógio ⏰️. Já é o terceiro relógio xiaomi que tenho. Vale a pena.
5,Muito bom. Ótima qualidade! veio com carregador e manual. Tudo certo e original !.
5,"O relógio é simplesmente perfeito! pra quem quer um garmin “menos grosseiro” que foi essa opção pra mim, prático esportes porém trabalho clt então ele é uma máquina porém delicado! gps sem igual, treino de força bizarro! no app da garmin conect você consegue montar treino disponível lá, juro é outro mundo! o relógio é uma máquina! carreguei ele completo no dia 16/05 e hoje 21/05 ainda está com 32% de bateria! monitora seu sono, te dá alertas pra hidratação (água) tem spotify onde você coloca sua playlist e pode correr sem o celular, juro é bizarro, vale cada centavo! só comprem!."
5,"Excelente produto! havia ficado com receio de não ser original, então entrei com contato com o suporte garmin e verifiquei, produto original! veio tudo certinho. Adorei a compra."
5,"Troquei o venu 2s (40mm) por esse (42mm) e fiquei com medo de ficar muito grande no meu pulso mas ficou perfeito. Para quem quer quer manter um estilo de vida ativo, ter métricas de saude e um incentivo pra treinar com o garmin coach essa linha de garmin oferece muitas funcionalidades sem a aparência grosseira de outros modelos esportivos da marca."
5,"Amei meu produto!! o relógio é muito eficiente!!! é lindo!!. Eu havia visto em alguns comentários que era grande, porém eu não achei… pra mim ficou perfeito!!. Ele se conectou super com meu iphone. É um relógio rápido para aprender a mexer!!. Sem comentários adorei de verdade!!. Ahh e a bateria é um caso a parte… você usa a semana inteira e não precisa recarregar!! maravilhoso!!!."
5,"Pesquisei muuuito antes de comprar e estava em dúvida entre ele e o gts 4 mini. Optei por ele porque tem memória interna e maior resistência à água, além de ser mais fácil de encontrar nas lojas oficiais da amazfit. Com pouco mais de uma semana de uso posso dizer que é realmente um ótimo custo benefício para quem busca um smartwatch com monitoramento de exercícios e sono. Lembrando que apesar da resistência a àgua, ele não é adequado para a prática de natação, tanto que esta opção de esporte não está disponível nele. Digo isso pois vi muitas avaliações reclamando que o relógio estragou depois de nadar com ele. Fora isto, é tranquilo tomar banho (não muito quente) e molhar ele durante o dia ou na chuva. O gps também é muito bom, demora alguns segundos para conectar ao iniciar um treino mas nada demais. É bem exato e não perde a conexão durante o treino. Ele é confortável e não é muito grande, esteticamente me agradou muito. Sobre a bateria: para quem faz uso pesado como eu (monitora o treino todos os dias, durante 1h ou mais, verifica várias funções do relógio durante o dia) ela dura de 5 a 6 dias, o que eu considero bem adequado. A conectividade dele com o iphone é através de bluetooth e é ótima, nunca tive problema com isso. Comprei pela loja oficial da amazfit aqui no ml e é o que eu recomendo. Zero arrependimentos, ótimo custo benefício!."
5,"Ele é maravilhoso, ótimo, bateria muito boa recarrego uma vez por semana, conta calorias, conta quantidade de passos, batimento cardíaco, muito bom amei super recomendo."
5,"Eu amei! comprei para usar nas corridas e nos treinos, ele mede as frequências cardíacas durante e as calorias, além disso recebe mensagens do whatsapp e instagram, estou amando! meu celular é iphone e não tive problema em parear."
5,"Comprei em março, coloquei capinha pra proteger e não molhei nunca, ontem simplesmente parou de funcionar, já dei carga e nada. Poderiam me dar um feedback por favor? já mandei mensagem no privado."
5,"Smartwatch muito top para atividade fisica, único problema que tiver foi com a demora de conectar o gps que precisa esta em lugar aberto para dar sinal."
5,"Comprei de presente para meu namorado,ele adorou,relógio megaaaa leve,da uma sensação de ser frágil mas ele é bom, a gente edita tudo pelo aplicativo no celular."
5,"Acabei de receber o produto e veio errado, comprei um relógio e veio isso aí, nem sei o que é isso. Comprei para os dias dos pais e agora?."
5,Muito bom.
5,"Perfeito, porém veio um pouco arranhado."
5,O custo-benefício é imbatível!.
5,Muito bom o relógio vale a pena comprar ele e também é aprova d’água.
5,"Marca bem a corrida, tem uma divergência de precisão de 100m, ótimo custo benefício, terceiro haylou que tenho."
5,"Muito bom, responde bem no app, recursos para o dia a dia, o único detalhe que não segura a linguagem, sempre altera sozinho, recomendo a todos no ml."
5,Superou minhas expectativas! bom para treino intervalado tendo opção de alerta de ritmo com fácil programação e o virtual pacer ajuda bastante nos longões e rodagagens ritmadas.
5,Gostei muito do produto eu tinha visto alguns vídeos sobre o bip 6 antes de me decidir e pelo preço vale a pena sem falar que a bateria está durando muito eu faço uso básico caminhar e academia claro que se fizer um uso mais intenso vai diminuir mas pra mim está bom eu fiquei meio em dúvida quanto ao tamanho mas ficou bom mesmo eu tendo pulso fino.
5,"Produto de melhor custo beneficio do momento! excelente smartwatch, para acompanhamento de saúde, treinos indoor e outdoor, etc. Um ponto alto é que o treino de força ele reconhece a maioria dos exercícios de membro superiores automatico, faz a contagem das repetições de forma exata, na hora do intervalo é só colocar a carga q utilizou, e ao final, caso ele nao tenha reconhecido o exercício, vc pode inclui-lo. Ao final sai um relatorio com a imagem dos musculos treinados. Muito completo! medição do sono bem precisa, sono leve, profundo e rem. Excelente compra para quem está na dúvida."
5,"Produto magnífico, superou minhas espectativas …. Super indico …. Gps fenomenal …… sem contar do aplicativo de batimento e saúde …. Topssimo …."
5,"Fique muito satisfeito com o que o relógio oferece. Ainda não testei todas as funções, mas o pouco que usei já deu pra perceber o quanto é completo. Fiz uma comparação com um apple watch correndo 5km marcou igual ao da apple."
5,"O relógio é maravilhoso, vim de um garmin e até agora estou bastante satisfeito. No meu braço, que é fino, ainda assim ele fica muito bem, inclusive ele é relativamente leve. As funções que ele possui atendem prontamente às necessidades diárias. Uso num iphone 16 e a única coisa que ele não faz, que pra mim não faz diferença, é responder às mensagens do whatsapp, no resto é tudo compatível. Ainda não experimentei o seu potencial por completo, até porque são muitas as funções para explorar, mas para as minhas necessidades diárias ele supera as expectativas."
4,"4 estrelas apenas por um fator. A propaganda são 27 a 40 dias de bateria, e não chega nem perto disso! o meu tá ficando uns 10/11 dias. Mas todo o resto vale cada centavo!. Compraria novamente, levando em consideração que ainda assim é um tempo ótimo para um smartwatch. Apenas uma dor de cotovelo por não durar o que eu esperava kkk."
5,"Mudei do amazfit trex pro, para o t rex 3. Fui do muito bom, para o excelente."
5,"Excelente relógio, treino musculação todo dia perfeito as marcações dos exercícios, prático mtb de duas a três vezes por semana abri mão do meu ciclo computador só uso o relógio agora, uso whatsapp o dia todo por conta do meu trabalho a maioria das notificações acompanho por ele e mesmo assim a bateria tem durado em média 15 dias agora se usar ele sem todos esses recursos acredito que dure uns 25 dias a bateria, estou muito satisfeito com o relógio."
5,"Superou minhas expectativas, relógio muito top e completo, meu interesse era um relógio com rotas esse me atendeu, e muito bonito."
5,"Gostei bastante do produto!. A tela é de qualidade e tem uma resposta imediata, brilho e cores muito bons. O gps e as medições dos sensores parecem bem confiáveis, (exceto para treino indoor (academia), que me parece contar muitas caloias queimadas, mas tudo bem. ). Da para atender chamadas pelo relógio e inclusive falar e ouvir por ele, gostei bastante dessa fundção. Outro recurso muito bom é o de tirar foto remotamente, ajuda bastante quando se está sozinho e quer tirar uma foto legal. Sobre a bateria. Eu uso o relgógio diarimanete com o uso do modo esportivo para academia pela manhã e corrida a noite com o uso do gps e contador de calorias e ela está como demostra na foto (ultima carga foi há 05 dias). Achei boa a durabilidade, poderia ser melhor, mas nao é nada decepcionate, acredito que irei carregá-lo uma vez por semana. Nota 8. 5/10."
4,"O produto é ótimo, tem gps, é a prova d'água, marca certinho os treinos e monitora bem o sono. Só não recomendo para mulheres, ele é muito alto e largo, me sinto usando o relógio do faustão. Até hoje não consegui conectar a alexa. Demais opções achei ótimo. Recomendo para homens ou mulheres de pulso beeeem largo."
4,"Relógio muito bom, funções bem fáceis de programar, gps funcionou bem nas atividades de teste, porém ele as vezes pede pra sincronizar antes de gravar a atividade, se não atualizar a sincronia ele não passa pro strava, mas no mi fitness aparece a atividade. Bateria dura vários dias realmente, exercícios que ele foi testado: ciclismo, natação, corrida, pilates e funcionou tudo corretamente. Eu minha esposa usamos ele em breve vamos comprar outro do mesmo modelo. E pode sim deixar celular em casa que ele registra tudo certinho, só se liguem no detalhe da sincronia antes de sair de casa."
5,Excelente. Gps funciona muito bem. Não tive nenhum problema. Recomendo.
5,"Top, bateria aguenta muitos dias, excelente para uso diario , pratica de exercicio, recomendo."
5,"Eu achei um pouco pequeno achei que o de 42 fosse maior um pouco, porem é muito fácil de usar o touch dele é muito bom e o brilho é muito bom, os aplicativos de saúde também são ótimos e vale a pena como o ecg , oxímetro entre outro, pra quem pratica exercícios também é nota 10. Agora sobre o uso dele como celular ou seja usa-lo longe do iphone ha algumas coisas que não é possível tipo se vc deixar o apple watch no modo economia de energia os dados móveis não irá funcionar ou seja notificações e ligações vc não irá receber longe do iphone agora perto do iphone pode deixar no modo economia de energia que ai o funcionamento é via bluetooth e ai vai funcionar, o whatsapp não funciona no apple watch, ele só recebe msgs escritas que vc pode responder com msg escrita também, msgs de áudios vc recebe porem não é possível abrir e vídeos também e para receber msgs do whats longe do iphone com uso do celular no apple whatch o iphone precisa estar ligado e conectado numa rede wifi ou dados móveis!!! na minha opinião pra mim não compensa a versão gps+ celular, ou seja versão só serve pra fazer e receber ligação longe do iphone e hoje em dia ninguém usa mais fazer ligação via celular e sim via whatsapp… e o valor da versão gps é bem mais em conta do gps+cel. Enfim eu gostei do relógio pra mim vai ser muito util, mas pra mim se eu pudesse voltar atrás escolheria a versão de 46 mm e apenas gps alem de ser maior, o valor é mais em conta. Mas essa é apenas minha opinião mas fica ai dica."
5,Função celular funcionando e oxímetro também! top!.
5,"Original. Funciona perfeitamente. Bateria dura quase 20 horas, dependendo do uso. Carregamento extremamente rápido, em menos de 20min já está com a carga completa. Ainda não testei sob água, funções de oxigênio, batimentos cardíacos, eletrocardiograma, qualidade do sono, funcionando perfeitamente. Estou gostando bastante. Uma extensão do celular que é muito pratico. Nada a reclamar! indico."
5,Perfeito do jeitinho que eu sonhei amei de mais.
5,"Excelente produto, meu objetivo era sair sem o celular, e ele atende muito bem, consigo pagar compras com a wallet e fazer ligações mesmo deixando o celular em casa."
5,"Gente só comprem, ele é lindo e tem excelentes funcionalidades."
5,Excelente amei muito lindo 💞😍.
5,O produto supriu minhas expectativas 🥰.
5,Produto excelente e é conforme descrição. Recomendo.
5,Fiel a descrição é muito lindo!.
5,"O produto é original , vem lacrado , é muito top."
5,"Pulso 17cm, considerado fino, ficou otimo, se tiver pulso menor que isso, esquece, ate uns 670 que eu paguei vale o preço."
5,"Excelente relogio, usando a + de 6 meses, duração bateria excelente, guardei meu apple watch que paguei 2 mil. Nao é brincadeira, to falando serio, este relogio é bom mesmo. Pode comprar ! comprei pra mim e pra minha esposa, funciona em tudo com qualquer aparelho."
5,"Realmente muito bom, muito resistente, fácil de mexer, bateria muito boa, qualidade excelente!."
4,Muito bom cumpriu oq promete.
5,"Muito muito bom, superou minhas expectativas. Ele funciona perfeitamente, não foi difícil de configurar e conectar no celular."
5,Muito top.
5,Bom.
5,Mto bom corresponde minhas expectativas.
4,A bateria dura muito pouco.
5,Ammmmei.
4,"Lindo. Gostei bastante, porém a bateria poderia durar um pouco mais."
5,Genteeee. Este relógio é maravilhoso. Lavo vasilha com ele e ele não entra água. Mede as atividades direitinho. A iluminação é excelente. Ele é lindooooo. Fácil de manusear. Podem comprar sem medo.
5,"Eu adorei! fiquei com medo de comprar, se iria funcionar… mas funciona megaaaaa bem! uso até para dormir para dizer sobre meu sono! só comprem! contador de calorias, exercícios, super funcional!."
5,Lindo e fácil de configuração. Super recomendo 🙏👏👏👏.
4,"O relógio é bom, mas não supre as minhas necessidades. A bateria durou 4 dias em uso, para poupar bateria não pode conectar com o celular, o que perde o sentido. A funcionalidade de esportes não permite inserir novos esportes, somente 1. Testei durante os exercícios e não faz a contagem correta de calorias (era a minha necessidade). O relógio em si é bonito, não muito grande e funciona, porém pro que eu queria (monitorar exercícios) não tem funcionalidade."
5,"Adorei! tem função de mensagem do wpp, cronometro, super me atendeu! a bateria dura 2 dias sem carregar."
5,"Até que pra um smartwatch mais barato esse aqui me agradou e olha que é o meu primeiro relógio, responsivo, bonito, leve e prático eu recomendo 👍🏿."
5,"Funciona muito bem, estou adorando."
5,Bom!.
5,"Excelente relógio! já estou usando ele tem 2 semanas. Comprei por essa loja pois me passou mais confiança por ser a loja oficial. Mas você encontra preços um pouco mais baratos q aqui. Relógio muito bom pra quem é atleta, gps dele é top demais. Tamanho dele é muito bom: não é aquela rodelinha gigante, meu pulso não é grande (18anos) e ele fica perfeito no braço! carregamento dele dura em torno de 7 dias tranquilo e eu uso todo dia pra esportes. Carrega super rapidinho. Pra quem tá em dúvida pesquisa mais sobre ele no youtube ou tiktok e vê se é o que está procurando. Gostei demais, super recomendo. Da um like aí se eu te ajudei."
5,"O relógio cumpre muito bem com que promete , o design é lindo, moderno, a pulseira dele não é mto bonita mas ja comprei outra para personalizar , enquanto a integração com iphone roda bem , com fone bluetooth também , nao fica desconectando do nada , nos treinos ele acompanha bem , so falta testar ele na corria mas creio que o desempenho seja bom também , estou acompanhando o meu sono com ele e é bem preciso , notifica quantas vezes acordei e toda qualidade desse sono , bem satisfeita."
5,"Relógio excelente para exercícios, o aplicativo zepp com treinador é perfeito para mim. Comprei um jogo de pulseiras de couro para ocasiões mais sociais, mas a pulseira original de silicone é de um material excelente e confortável. Realmente esse relógio combina com tudo, porém se tiver pulso grande ele pode ficar pequeno. Sugiro medir."
5,"Comprei uma capa protetora pra ele, pra ficar mais robusto também, referente a funcionalidade, sem palavras. Top demais, faz praticamente tudo!."
5,"Muito bom, gps preciso , conecta com strava , pra quem curte pedalar ou fazer caminhada , academia entre outros exercícios, excelente, melhor custo benefício do mercado."
5,É o meu primeiro relógio; melhor custo benefício. Consigo ler mensagem de zap;. Consigo ver passos;. Consigo ver pagamentos e msg de e-mail etc;. Consigo monitorar o coração;. Consigo passar músicas;. Gostei muito !!!.
5,"Eu já havia comprado os fones da qcy, e foram de excelente qualidades, então arrisquei no relógio. O relógio cumpre o que foi prometido (e talvez até melhor). Eu comparei com o oxímetro e aparelho de pressão reais e tanto a oxigenação quanto os batimentos cardíacos são bem precisos. Quanto a distância percorrida ela tem uma margem de erro mas, nada que incomode (os relógios precisos são muito caros - então ok). Em resumo: vale a pena comprar."
4,"É um bom relógio, faço treino de corrida, para o que preciso, me atendeu bem. Ótima duração de bateria, carrego uma vez na semana, mesmo usando o dia todo. Ótimo monitor de sono tbm, para um relógio de entrada, está ótimo!."
5,"O relógio é muito dahora! super recomendo!!! faz ligações, da pra ouvir música, tem calculadora. Enfim, vale a pena."
5,"Já é meu 5º garmin (comecei com o 405cx) e não me arrependo, é caro mas vale o investimento, principalmente se você utilizar o garmin connect (app) para montar treinos e seguir as sugestões do relógio. Palavra de quem corre há mais de 15 anos."
5,"Adorei o relógio para monitorar meus treinamentos! além disso, não preciso do celular para ouvir minhas músicas e o relógio tem tela touch, além de um gps muito bom. Recomendo."
5,"Ótimo! a tela é um show a parte. Tive o 255 e o 265 só perde um pouco na duração da bateria (por conta da tela). Fora isso, conecta rápido ao gps, algumas funções a mais. A tela é muito top!."
5,"Garmin dispensa comentários. O relógio é fantastico. Tudo certo com a compra. Sobre o produto, posso dizer que é original (não sei se existem piratas), mas fiquei bem satisfeito."
5,"Produto muito bom! muitas funções e por isso mesmo demora a gente se acostumar. Mudei do forerunner 35 que nao oferecia quase nada para o 365. Bateria poderia durar um pouco mais, mas já esperava isso por causa das várias funções e da tela. Recomendo o produto."
5,"Muito bom, achei que ia vir com a película mas vou comprar a parte, tô apanhando em algumas configurações mas de início está tudo certo."
5,Muito bom! custo benefício ótimo! bateria dura uns 2 dias! vale a pena a compra!.
5,Barato e tem muita funções boa rápidas minha esposa amou o presente.
5,"Bom o produto, por enquanto meu filho gostou."
5,Maravilhoso super recomendo.
5,Muito bom gostei.
4,"Ele veio com duas pulseiras a preta e a laranja, comprei pro meu sobrinho ele amou, o tamanho ficou bom."
5,Perfeito !!!.
5,"Amei o relógio. Não tiro ele para nada. Pulseiras dão lindas e fáceis de trocar. Parece ser a prova d'água mesmo, bateria dura 1dia, mas algumas funções só funciona com bluetooth ligado no celular o que consome bateria de ambos."
5,Simplesmente lindo. Amei.
5,"Estou usando a quase 1 mês e minhas considerações finais são, vale muito a pena. Obs: eu não faço exercícios físicos portanto, se você está querendo comprar para essa finalidade pode ser que minha avaliação não lhe interesse muito. A bateria dele comigo dura de 5 a 6 dias. Ele é muito fácil de mexer. Pelo aplicativo é possível sim trocar o papel de parede dele e decorar como quiser, além de conter papeis de paredes já pré definidos. Dá para passar as músicas do spotify ou seja qual for o streaming que você utiliza. Dá para atender ligação pelo relógio e sai áudio nele também. Dá para medir pressão, lógico, não é a mesma coisa de um aparelho de pressão comum, mas eu fiz o teste e a taxa de erro é mínima. Acho uma ótima compra."
5,Show.
5,O relógio é lindo minha mãe amou ganhar de presente funciona tudo certinho 🎁❤️.
5,"Relógio aurafit incrível! o design é moderno e elegante, e a pulseira é confortável. As funcionalidades são impressionantes, com mais de 100 modos esportivos e monitoramento de saúde completo. A tela amoled é vibrante e clara, e a bateria dura bastante tempo. Recomendo para qualquer um que busque um smartwatch completo e estiloso!."
5,"Ótimo relogio, só tenho a elogiá-lo. Designer muito bonito, possui várias funções. A conexão muito simples para parear com seu celular, a bateria é otima. Vem acompanhado com duas pulseira para combinar com seu estilo, e com carregar. Ótimo para atividades físicas, muita praticidade, super confortável, totalmente funcional."
5,A tela é nítida e o toque é sensível. Ele também possui gps e conectividade bluetooth integrados. Um produto realmente excelente. Uma experiência de compra muito agradável.
5,"Como é blindo adorei vai me servir em todos as minhas atividades,corre dormir esporte todos estou precisando com este relógio 🔝🔝🔝 demais valeu muito está compra, quem ver este pode comprar 🔝 demais."
5,"Produto perfeito tem tudo, fiquei impressionado, com qualidade da tela oled, e com inúmeras funções que possui, além da bateria que dura semanas, realmente um ótimo smartwatch com carenagem de smartwatch de mais de mil e tela enorme com qualidade absurda, vc pode personalizar sua tela do relógio, já tive outros smartwatch de marcas líder e um igual a este se fosse lançado por marcas líder seria no mínimo uns 2 mil reais, ótima aquisição."
5,"Excelente custo benefício, bateria dura 4 dias. Amei."
5,"Excelente produto! bateria dura dias e dias, já tive um original samsung, e a bateria durava menos de 24h. Esse superou as expectativas!."
5,Lindo amei 💕 muito lindo eu recomendo pft.
5,"Custo-benefício muito bom. Bateria durou 6 dias com uso normal. Muitas funções, bonito, leve. Gostei."
5,"Produto maravilhoso gostei demais, gps marca direitinho dá para conectar no strava, mergulhei ele na água porque eu esqueci kkkk, não danificou nada graças a deus é prova d'água msm a tela é maravilhosa bem viva as cores, não me arrependo nem um pouco e bateria dura bastante, primeira compra que nao me arrependo espero que meu feedback ajude vcs na escolha, ah ele não precisa do celular perto pra funcionar o gps, quando cheguei em casa ele conectou no cll automaticamente e já passou os dados pro app ele é top, pra trocar a tela inicial só colocar o dedo na tela e segurar uns 2 segundos. Bjsss e bons treinos 😸☺️🥰🥰."
5,"Muito bonito e confortável, o fato de ser amoled e poder deixar sempre aceso facilita muito. Muito fácil de conectar e até então desempenhando todas as funções perfeitamente. Pra quem tiver dúvidas, ele sincroniza com o strava. O único ponto negativo é não poder upar fotos para colocar no wallpaper."
5,"Fiquei muito satisfeita com o relógio, marcou certo as quilometragem. Só não pode esquecer de ligar o gps, se não ele marca errado."
5,"O produto é de excelente qualidade, muito bonito, acabamento premium, lindo, leve. Acionei o modo treino, mas tive dificuldade de finalizar. O botão de finalizar não acionou, não sei se ele só aciona quando finaliza as metas ou não sei o que foi! só o botão de pausar a atividade e continuar que funcionou. Mostradores lindos, mas ainda não vi a função de upar fotos, não sei se esse modelo comporta essa função. E as calorias, acho que não marcam corretamente, pois eu estava em baixíssima intensidade e foram mais de 400 kcal. No mais o relógio é lindo, ótimas funções. Satisfeita com minha compra. Recomendo."
5,"Relógio perfeito! amei!!!. Ele realmente tem o gps sem necessidade de andar com o celular junto, marca o trajeto certinho!!. Estou adorando!!."
5,"Produto de excelente qualidade. Funciona conforme descrito, tem boa durabilidade, visual moderno e desempenho satisfatório nas funções. Fiquei bastante satisfeito com a compra. Recomendo!."
5,"Muito moderno e completo, me agradou muito."
5,Boa noite muito obrigado um abraço.
5,Produto aparentemente muito boa a qualidade vamos usar pra testar 😉.
5,Muito bom. Gostei bem resistente.
5,Eu gostei do relogio. Pelo valor é o que se esperava. Podem comprar sem medo.
5,Ótimo até agora.
5,Relogio muito bom. Superou minhas expectativas. Comprei para minha filha de presente ela amou.
5,"Me pareceu ser bem legal, tem entrada para colocar chipe nele. Ainda não consegui ligar ele, na caixa vem a instrução de realizar uma carga quando chega. Vamos ver como vai ser."
5,E de ótima qualidade eu recomendo muito pra quem que um relógio tecnológico.
5,Amei superou minhas expectativas. A bateria dele é ótima e dura muito tempo. Fechou na sexta e na quinta começou a descer a carga da bateria. Gostei demais podem comprar sem medo.
5,O aparelho é muito bom eu particularmente gostei muito veio funcionando bem caixa intacta veio com o cabo carregador e uma pulseira essa q já estou usando e uma de silicone e tmb veio uma chavinha acredito q pra regular a pulseira em fim recomendo demais.
5,"Lindo de viver, vem duas pulceiras, facil de configurar, é só baixar o da fit."
5,Amei. Muito funcional.
5,Minha namorada amou o presente dela❤️.
5,Que surpresa agradável som de qualidade cumpre o que promete recomendo a todos do m. L.
5,"O produto no começo parecia não ser de confiança, mais me surpreendeu com a qualidade do som e você percebe os instrumentos músicais de cada. Eu gostei muito do som. Recomendo ele, é excelente."
5,Boa qualidade de som.
5,"Muita qualidade, o som é extremamente nítido e tem um grave maravilhoso, pela faixa de preço é o que mais compensa."
5,Caixa maravilha perfeita.
5,Gostei bastante pena que não vem carregador só o cabo e veio sem rodinhas fora isso ótimo produto já testei.
5,Olha a caixa e muito boa mesmo tem potência mas o fabricante deveria fabricar com o cabo de carregar diretamente na tomada porquer bateria e meio complicado mas eu gostei mesmo assim também não tem o apoio na parte de trás.
5,"Totalmente igual a do anúncio,super recomendo."
5,Som limpo e de excelente qualidade.
5,Gostei.
5,Ótimo custo e benefício.
5,Produto excelente!.
5,"Qualidade muito boa do som, instalei com o outro aparelho da hayonic, ficou muito bom, super fácil de instalar , eu mesmo instalei , conecta no bluetooth perfeitamente. Estamos gostando do resultado."
5,Otima qualidade e som excelente também. Pode comprar sem medo que vai dar bommmm.
5,"Perfeito para som ambiente ou curtir um som em casa. Ligadas no receiver deram um bom peso! os graves são limitados, mas dificilmente estoura."
5,"Produto confortável que atende bem a que se propõe com um bom custo beneficio, ótimo para área de vendas de empresas. Recomendo a todos do ml."
5,"Produto maravilhoso, com ótima fidelidade sonora e volume eficiente. Utilizando em ambiente aberto e fechado, com uma caixa no salão e outra na tenda. Super compacto, fácil fixação e conexão dos cabos. Com certeza comprarei para projetos futuros."
5,"Pesquisei muito antes de adquirir, comparei com outros equivalentes, todos os quesitos que busquei tinham equivalência, apenas o custo foi decisivo na escolha, e realmente é excelente em tudo, e creiam não é só a marca que define qualidade, quando se tem conhecimento e domínio das características que compõem a qualidade de um produto, é aí que se ganha na economia do custo benefício."
5,Caixa de som aiwa de parabéns muita qualidade se cuida jbl custo benefício um preço justo super recomendo aiwa nota dez.
5,Qualidade sonora surreal não decepciona nem na época que eu tive um discman aiwa é aiwa quem é jbl ? coloca a bomboxx no bolso fi. Podem comprar sem medo.
5,"Qualidade excepcional, sem palavras."
5,"Simplesmente apaixonada nesse compra, comprei pra suprir as necessidades do grupo de dança que faço parte e simplesmente amei. Eu ja tenho uma jbl e sinceramente ela não chega aos pés da aiwa, som da aiwa é alto e limpo. Podem comprar sem medo, tirem da cabeça a ilusão de jbl."
5,Adorei.
5,"Caixa de som bluetooth essential sound go i2go 10w rms resistente à água e até 8h de bateria= eu já conhecia o produto. É o 2º que compro. Então, nem preciso comentar muito. Super aprovado. Recomendo."
5,Adorei comprarei mais vezes.
5,Ótima qualidade.
1,"Graves inexistentes. A borracha que reveste a caixa não é aquela macia, que adere ao local onde vc coloca. É uma borracha dura, que faz a caixa escorregar sobre uma superfície lisa."
5,"Bom produto principalmente se vc mora em apto fiz teste com vários estilos já que sou eclético e me surpreendeu sem perder qualidade,bons graves."
5,"Mano sensacional essa caixa, não tenho o que falar sobre qualidade de som, parte interior muito muito bem feita, pode comprar sem medo, totalmente original vem tudo certinho na caixa, comprem sem medo de ser feliz."
5,"Gostei do produto. Porém, as classificações que que tinha no produto falava que a bateria durava uma média de 18h00. Mas ao realizar o teste ela só durou 2h00 tocando músicas em volume médio. Ou seja não cumpriu com o que estava nas especificações do produto."
5,"Qualidade do som muito boa, bem definidas. Bateria dura bastante. Ótima aquisição."
5,"Caixa excelente, supera expectativas, principalmente pelo preço que paguei."
4,"Boa toda. A bateria não é a msm das concorrentes, mas, não deixa a desejar. Ótimo custo benefício."
4,Gostei porém achei que desacarega muito rápido.
5,Muito bem feito. Bateria durando cerca de 5:30 no rádio. Som bom. A conectividade inicial deu um pouco de trabalho mas depois tranquilo. Aprovado.
5,Comprei para utilizar no computador. Tem funcionado bem. Lembrando que para isso precisei comprar um cabo auxiliar pois meu computador não tem bluetooth. Tudo dentro do previsto.
5,Som excelente!!! comprei pra igreja foi um ótimo investimento pra casa do meu jesus 🙌🏻🕊️.
5,"Excelente, é potente , som alto recomendo."
4,Boa pelo preço.
5,"Muito boa a caixa, qualidade surpreendente."
5,Som profissional superou minhas expectativas.
5,"Muito boa a caixa, qualidade de som! so achei o ruim a conectividade do bluetooth que a distância não da 5 metros ja fica falhando."
5,Recomendo. Caixa bonita e som d ótima qualidade.
5,"Um ótimo produto em questão custo benefício,não comprem pensando que tem a mesma potência da jbl até mesmo pela grande diferença dos valores dos produtos. Mas estou satisfeito,uma boa caixinha bem potente."
5,"Exelente produto, caxinha otima de baterria e tem graves exelentes, impressiona muito pelo tananho 👏👏👏🙏."
5,Top som tem uns graves bons pelo tamanho pra ambiente fechado e top mais pra lugar mais aberto tem q compra uma maior pra fazer som bom mais eu curti muito.
5,"A caixa no geral é muito boa, a qualidade do som é ótima, os leds são um show a parte, só pecaram no equalizador, apenas duas posições. O que fica bem limitado, lembrando que vc também pode usar o equalizador do aplicativo do celular o que deixa mais confortável. No geral nota 8."
5,"Caixa de som top. Excelente grave, som alto. Bateria dura por volta de 4h."
5,Foi presente pro meu psi ele amou perfeita.
5,É muito linda. Até maior do que imaginava. O som é muito limpo. Vale super a pena.
5,"Ótimo caixa, porém o grave é fraco e a qualidade áudio não é tão boa."
5,Ótima qualidade. Apresentação muito bonita. Design moderno.
5,Bom custo benefício.
5,"Espero que meu pai goste, não abri a caixa ainda. Espero que não esteja quebrado."
5,Excelente.
5,Ótimo.
5,Caixa top som muito bom grave que empresiona melhor até que jbl nada a dizer ao contrário.
5,"A caixa é ótima, durabilidade da bateria ótima tbm. Não consigo parar de ouvir música desde que."
5,Eu gostei do produto vcs estão de parabéns.
5,Perfeita. Amei e o custo benefício maravilhoso.
5,Top.
5,"Eu estou impressionado com o som, mesmo baixinho é muito audível, e brando, agradável, parece a vós da pessoa mesmo, só uso pra ouvir música bluetooth."
5,Trabalho com voz e violão. Valeu a pena o investimento.
5,Show de bola.
5,"Produto excelente, obrigado a todos."
5,"Ótimo custo benefício, cumpre o q promete!!!."
4,"Achei que não me agradaria por causa do tamanho pequeno, achei que eram maiores, no primeiro teste em ambiente mais aberto não me agradou, falam que as caixas tomate faltam agudos e ouvindo estas edifier que eu também senti falta achei estranho, pra mim o ajuste de agudos ficou no max. Depois coloquei na minha sala de tv ao lado do toca discos, aqui o som já se comportou bem melhor, veio um grave relativamente bom, agudos acompanham bem , no volume máximo não distorcem porém existem uma compressão eletrônica que baixa o som pra não distorcerem. Não indicado colocar a caixa ao lado do toca disco pq passa a vibração do som pra agulha e entra em ressonância com o som grave. No geral é satisfatório pra ima sala pequena ou monitor de computador. Mas vou fazer upgrade no futuro. Entrada optica é mais alta, bluetooth bom alcance e sinal de linha ok. Não percebi perca de qualidade entre as entradas. Vou usar optica na tv , bluetooth de vez em quando e sinal de linha no toca discos."
5,"Excelente. Alta fidelidade de som, ótima qualidade de construção. O som não é muito alto, porém a qualidade de áudio surpreende. Graves bem definidos e marcados, mesmo com o volume máximo não distorce o som."
5,"Impressionado ! realmente essa marca é muito boa, ótima qualidade de som, graves macios, médios e agudos no ponto certo e acabamento perfeito. Recomendo para quem realmente quer qualidade. Utilizo em um espaço de 4x3 mt para música e filmes."
5,"Umas das melhores compras que já fiz, a diferença no áudio para mim que usava uma jbl é enorme, não pelo volume ou potência, mas pela clareza do som, com graves na medida e sem distorção em volume mais alto. Tenho um fone bluetooth da mesma marca que tambem é excelente, por isso optei pelas caixas. O produto é bem bonito e com ótimo acabamento, super recomendo!."
5,"Muito satisfeito com minha compra,uso pra ouvir música e assistir filme muito prática ocupa pouco espaço vou dar destaque pra entrada óptica que ficou ótimo conectado na tv."
5,"Caixa de som super boa , com graves , som suave e limpo , pra lazer ou se vc tiver fazendo alguma tarefa schow de bola qualidade super mil , vale 5 estrelas."
5,"O som é alto, limpo e com graves marcantes, ideal tanto para momentos de lazer quanto para animar encontros com amigos. A iluminação rgb dá um toque moderno e super estiloso, criando um clima incrível, principalmente à noite. A conexão via bluetooth é rápida e estável, e a bateria tem uma ótima duração, aguentando horas de uso sem precisar recarregar."
5,"Ameiiii compacta e potente na medida certa! gostei do som ,limpo. Ameiii❤️."
5,"Gostei muito do produto, ótimo custo benefício. Uma caixinha compacta mais com um som muito bom ao mesmo tempo! ideal para vários tipos de lugares, tanto interno como externo! e ela é bonita também, vai ser muito útil para toda minha família nas horas de trabalho e lazer."
5,Muito boa. Som de qualidade e bateria de 4 horas.
4,"Difícil praca pra instalar no gesso, sistema de parafuso não ajuda, slc! o som alto e ""bonzin"". Material de plástico fraco. Não arrependi. Nota de 1 a 10 , dou 6,9. Acima da média. Mas vamos que vamos."
4,Bom produto para musica ambiente.
5,"Boa, só achei o som muito grave."
5,"Ótimo recomendo, o som muito agradável ao ambiente."
5,"Qualidade no som, recursos embarcados oferecidos. Excelente aquisição. Valeu indiscutivelmente o valor."
5,Top top.
5,Sensacional.
5,"Estou amando o som ,perfeita qualidade, o som bem alto do jeito que gosto muito bonita. Eu recomendo vcs estão de parabéns ☺️❤️👏amei amei."
5,"A caixa tem um som muito bom, pro porte dela. Mesmo com o volume alto, manteve a qualidade. Excelente custo benefício. Só poderia ter uma base melhor para ela ficar na posição certa, com o alto falante na posição frontal, achei muito pequeno. Fora isso, até agora, perfeita!!."
5,"Caixa de som ótima, bonita e parece resistente. O som é bem bom, mas não tem muito grave - por esse valor não esperava que tivesse. Tem entrada para cabo p2, que pra mim é importante para conectar no projetor direto (ainda vou testar), porque se conectar por bluetooth o filme fica um pouco fora de sinc. Se comprar 2 dá pra emparelhar ambas fazendo um som estéreo de verdade. Recomendo!."
4,"Tem um som razoável, mais dar pra curtir uma música."
5,"Ameii!! o som dessa caixa é simplesmente surreal, super potente. A aiwa superando a jbl."
5,Recomendo potência melhor que a bombox 3 bem mais alto.
5,"Olhei ela num dia era 1. 750 no outro dia subiu pra 1. 799, comprei pesando que ia subir mais o preço, porém agora depois da compra feita fui olhar novamente ela está mais barata que antes, resumindo me lasquei em 50 reais kkk. Porém é boaa."
5,Bruta! braba! pode comprar sem medo na minha humilde opinião melhor que a famosa jbl.
5,Com certeza uma excelente compra. Qualidade no som. Potência ótima. Com certeza relembra a aiwa e mata a saudade de som com qualidade.
5,"Caixa de som muito boa, som sem ruído e bem alto. Recomendo."
5,Produto de ótima qualidade recomendo demais a compra.
5,Ótimo custo benefício. Podem comprar sem medo. Adorei!!!.
5,"Muito forte e alta, porém descarrega rápido!!!!."
5,"Não tem nem o que dizer sobre as caixas jbl. Já tive a jbl go, charge 4 e flip 6. Essa tem uma grave absurdo de bom! eu só deixo o alerta para aqueles que quiserem comprar a encore essencial achando que é a mesma coisa da encore. Quando compra sem microfone ela vem com diferenças, tipo: não tem bateria removível, não tem suporte para os microfones atrás, a alça não é flexível e não tem os controles de microfone. De resto é tudo igual."
5,"Som potente e cristalino, com graves marcantes e agudos equilibrados. A qualidade de construção é impecável, transmitindo durabilidade e sofisticação. Superou minhas expectativas!."
5,"Uma das minhas melhores compras , amei , ela é maravilhosa , bem alta , ótima durabilidade , carreguei 100% , passei o dia inteiro ouvindo música no volume medio , super recomendo , estou apaixonada."
5,"Ótimo custo benefício, caixa excelente."
5,"Essa caixa de som bugani tem uma qualidade sonora ótima é bem alto o som ,voz nítida e ótimo grave, bateria com grande qualidade de duração. Material da caixa de som é perfeia. A qualidade em geral nota 10, perfeito !!! recomendo a todos."
5,"Estou simplesmente impressionado com a qualidade dessa caixa de som bugani! o som é potente, com graves bem definidos graças ao subwoofer ativo. A conexão bluetooth é rápida e estável, e o recurso de emparelhamento tws deixa a experiência ainda melhor quando uso duas ao mesmo tempo. A bateria realmente dura bastante — as 24 horas de reprodução são reais! além disso, o fato de ser à prova d’água (ipx6) me dá total tranquilidade para usar em ambientes externos, como praia e piscina. Ótima escolha para quem busca som de qualidade e durabilidade!."
5,"Melhor caixa de som custo benefício, som alto com ótima qualidade."
5,Fiquei totalmente impressionado qualidade de som qualidade do produto muito bom super indico para qualquer pessoa que quer gastar muito dinheiro para ter uma caixinha de ótima qualidade tá aí parabéns 👏👏👏👏👏👏👏👏👏👏👏👏👏👏.
5,"Pontos positivos:. ✅ boa construção – material sólido e acabamento bem feito. ✅ graves presentes – mesmo sem subwoofer dedicado, os graves são encorpados. ✅ versatilidade – bluetooth, rca agregam valor. Pontos a melhorar:. 🔹 agudos um pouco agressivos – o tweeter pode soar estridente em volumes mais altos, especialmente em músicas com muitas frequências altas. Algumas vozes e instrumentos como pratos de bateria podem parecer artificiais ou excessivamente brilhantes. 🔹 falta de refinamento na equalização de fábrica – mesmo com ajustes manuais no controle de tons, os agudos ainda podem se destacar mais do que o ideal, dependendo da música e do ambiente. Sugestões de melhoria:. 1️⃣ ajuste no equalizador – reduzir um pouco as frequências altas no software ou diretamente no controle de tons pode amenizar o problema. 2️⃣ posicionamento das caixas – deixar os tweeters na altura dos ouvidos e afastar um pouco das paredes pode equilibrar melhor o som. 3️⃣ uso de dac externo – se estiver conectado via cabo, um conversor digital-analógico (dac) de melhor qualidade pode suavizar os agudos."
5,"O produto de muita qualidade, incrível!."
5,"Estou usando no bluetooth pois no cabo auxiliar meu computador não conseguiu ""empurrar"" necessitando de um amplificador. Por enquanto vou continuar usando no bluetooth pois a qualidade é assustadora, o nível de detalhes e a presença destas caixas proporcionam uma experiência absurda, pelo preço acredito ser a melhor opção!."
5,"Produto é top gostei bastante , pessoalmente ele é bem bonito , só achei que ele falta um pouquinho de grave , vou utilizar um sub externo pós o grave e muito pouco."
5,"O produto é ótimo, e a marca é referência em áudio de qualidade. Fiz os testes com microfone, com o violão e com o áudio do celular ligado no bluetooth e achei que o som ficou perfeito. Muito bom !!!."
5,"Excelente qualidade de som, comprei duas dessas as quais vão substituir o trabalho de 8 caixas que tínhamos antes. Som de alta qualidade, vale o investimento."
5,"Produto excelente, ótimo material, qualidade de som surpreende. Apesar de não ter equlisadores ela vem com alguns ajustes que são o suficiente para onuso simples. Para algo mais específico é interessante utilizar o recurso de mesa de som ou equalizador. Eu tenho duas staner sr 315 e eu gosto muito do som delas, porém a diferença da qualidade de timbre para a jbl e gritante. A jbl tem o som muito melhor. Até o momento estou muito satisfeito, agora é torcer para ser uma caixa resistente sem muitos problemas crônicos."
5,"Ponfesso que fiquei preocupado com muitos comentários falando que a caixa esquentava muito, ela esquenta um pouco, esquenta igual outras coisas, isso é normal. Fiz um show com ela hoje em um dia de muito calor, mas a caixa deu conta e trabalhou morna. Pode comprar, a caixa é top, muita qualidade! fiz uma ótima compra!."
5,"Me surpreendi de verdade com essa caixinha. O som é alto, tem grave bom e não distorce fácil. Conectei pelo bluetooth rapidinho e ainda testei o rádio fm, que funcionou bem. A bateria aguenta bastante, usei por várias horas sem precisar carregar. O tamanho é ótimo pra levar pra qualquer canto, e essa alça ajuda muito. No geral, achei um ótimo custo-benefício. Recomendo pra quem quer uma caixa potente e prática pro dia a dia."
5,"Caixinha de som monster mfs1 aprovadíssima! som potente, design moderno e super prática com alça. Perfeita pra levar a música onde for!."
5,"Eu amei a caixinha de som. O volume é super alto. Da tranquilo para ambientes pequenos e externos. Não perde a qualidade do som quando deixa no volume máximo. A duração da bateria me surpreendeu muito, dura bastante. Tem uma alça muito boa para carregar tanto nas mãos quanto ao corpo."
5,"Gostei, muito boa! a recepção de rádio fm funciona perfeitamente. O som tem qualidade com bons graves e agudos e o volume é bem alto. A bateria dura quase o dia todo. O bluetooth tbm funciona perfeitamente com conexão rápida e sem falhas."
5,Qualidade duvidosa.
5,"Melhor investimento que fiz, uso todo dia."
4,Achei o áudio um pouco estranho.
5,Muito bom alta ouso o dia todo no trabalho.
5,Muito bom!.
5,Significado real que tamanho não é documento!.
5,Ok recibo só faltou o rapaz ir na minha residência.
5,"Maravilhosa, som alto, design lindo, ótima qualidade 💞🌹."
5,A caixinha de som é muito boa. Superou as minhas expectativas. Achei que seria mais ou menos. Mais o som é muito bom. Ajustei o som no equalizar do windows media player. Ficou ótimo os graves e agudos. Não consegui aumentar até o ultimo volume. É muito alto. Eu recomendo. Use o equalizador do seu pc para ficar perfeito.
5,"Tem acabamento bom,som limpo. Top!. Recomendo!!!."
5,"Produto top e ajudou muito, pois comprei para melhorar o som de saída da minha tv multilaser. Som limpo e ideal para pequenos cômodos. Indico com certeza !!!."
5,"Qualidade muito boa, baixem o fxsound na loja do windows 11 dá pra melhorar ainda mais a qualidade do som."
5,"Produto muito bonito. O som não é de fato potente, mas para melhorar o áudio de minha televisão, que é muito fraco, atendeu às expectativas."
5,Muito boa e bonita satisfeito demais com a caixa.
5,"Caixa muito boa o grave é bem assentuado , só o tamanho que poderia ser maior e sobre a durabilidade da bateria ainda fiz o teste."
5,Gostei kuit.
5,Bem alta e surpreendeu muito a qualidade.
5,"Pra meu uso é pra servir de caixa de som de meu pc eliminar fios , observação e bom. Dar uma carga completa 100% pra bateria nao viciar e durar horas de som , material é de qualidade som excelente , batsrial. Dura alem das 24horas em. Uso moderado design e clean e bonito ,satisfeito de mais , valeu cada centavo podem adquirir sem medo."
5,"Ótimo produto, de ótima qualidade."
5,E uma ótima caixa de som muito bonita. Tem um bluetooth alcance de uns 30 metros. Um som muito bom mesmo gostei muito som maravilhoso de uma qualidade superior ótima de um bom material gostei muito me surpreendeu bateria dura muito ótimo 👍.
5,Produto de ótima qualidade.
5,"Som muito potente e cristalino , o violão fica com o som perfeito e dá para ouvir cada detalhe da voz. Sem dúvidas vale cada centavo que custa, é outro nível 👏🏻👏🏻."
5,"Pra quem vive de música ao vivo, fazendo festas particulares, barzinho, voz e violão, com cajon, ou com sanfona, enfim, pode comprar sem medo, é top."
5,"Produto de excelente qualidade, material de 1a, qualidade do som indiscutível."
5,"Excelente caixa, construção, peso, sonoridade, já é a segunda que compro, melhor curto beneficio que temos."
5,"Som extremamente limpo e potente, me surpreendeu bastante. Uso ela numa banda de rock e ela consegue se sobressair sob 2 guitarras 1 baixo e a bateria. Se vc faz show em bares n tenha medo de comprar."
5,Olha gostei de mais muito bom 👍🏽.
4,Produto de boa qualidade.
5,Boa.
4,Linda a caixa.
5,"Excelente custo-benefício. Não é uma jbl, mas quebra um galho!. Agudos ok, médios estridentes e graves fracos. Mas nada que desabone o produto. Não testei a durabilidade da bateria ainda. Para sintonizar as rádios fm deve-se plugar o cabo usb na porta de pen-drive e dar dois toques rápidos na tecla play. Um toque é a função mute."
5,"Gostei da caixinha, o som é honesto, tem um bom agudo porém o grave não é muito evidente, mas é um ótimo custo benefício!. Tenho uma jbl clip 4 original que acaba tenho uma qualidade sonora melhor!. Elton sodré."
5,"Surpreendente a qualidade e potência dessa caixinha, pequena no tamanho, mas grande na qualidade. É lógico que não é uma jbl, mas não deixa a desejar, ótima opção de custo benefício. Eu compraria novamente. Recomendo! show."
5,Super top gostei demais mas a opção de rádio pelo menos na minha não encontra sintonia só fica xiando.
5,"Gostei bastante usando pendrive ,compraria novamente."
4,"Vantagens em relação à jbl: maior durabilidade de bateria, volume de som maior, leitor de pendrive, luzes rgb, base antiderrapante e principalmente o preço. Desvantagens: falta de graves mais impactantes, app não permite renomear o aparelho, à prova d’água somente para jatos direcionados ou respingos. Ao meu ver valeu muito a pena."
5,Sou apaixonado por som e música e essa caixa encaixou como uma luva na minha coleção!. Ótima qualidade e um custo benefício excelente!.
5,"Caixa de alta qualidade. Super aprovado!. Tô impressionado com a qualidade da caixa de som, muito bem acabada, som de altíssima qualidade. Compre sem medo."
5,Gostei muito bom!. Não perdi nada pra jbl😉👍.
5,"Top demais tenho um jbl original e não vi diferença nenhuma, extrema qualidade de som essa caixinha podem comprar e além disso é linda."
5,"Top muito boa a caixinha, o som é bom pelo tamanho da dela e a bateria durou 4 horas direto."
5,"Vale muito a pena, super levinha e compacta, da pra levar pra qualquer lugar!."
4,Ela veio com a cor errada mas fora isso muito boa.
5,Gostei do produto superou minhas expectativas.
5,Muito bom! instalei no meu banheiro pra tomar banho escutando música. Instalação fácil e fácil de conectar no celular.
5,Tudo ok !. Som satisfatório.
4,Produto categoria média.
5,"Muito bacana,som nítido e baixo custo."
5,"Ótimo, som alto e de qualidade."
5,E bem mais bonita pessoalmente além de ser bastante alta sem chiado ou ruido e a qualidade do som e equalizador e maravilhosa foi uma ótima compra (um aviso se vc quiser ela ainda aos tunada e só por um módulo) mas msm sem tá ótimo já dá pra ouvir um som top.
5,"Bom,som com boa sincronia,permite ouvir no ultimo volume,sem rouquidao ou interferencia. Uso na area da piscina,conecçao perfeita com celulares e pendrive. Importante~~ voce nao precisa esperar pra carregar bateria,pois alimenta direto na rede eletrica."
5,Muito bonita coloquei mais 2 auto falantes focou top !!! fiz um vídeo 📹.
5,"Produto excelente, comprem sem medo !!!. Som muito bom e alto."
5,"Surpreso com a sonoridade, até mesmo com um simples amplificador digital, excelente!."
5,Qualidade de som excepcional!!!.
5,Excelente qualidade.
5,Muito top jbl é nota 10.
5,Sou músico já à 20 anos e nunca vi um produto com tamanho custo benefício! fica aqui minha opinião invistam sem medo! vale muitoo a pena pessoal!.
5,"Qualidade muito boa mesmo com volume mais aberto, perfeita para quem toca em barzinhos, igreja e eventos pequenos. Ótimos recursos como pareamento com outra caixa staner via bt. Só precisa de um mixer para mais canais , mas entrada de linha xlr é ótima. Recomendo muito!."
5,"Vamos lá. Não devemos comparar com jbl, turbosound, yamaha, e demais caixas top de linha. Mas comparando com as similares (datrel, donner e até mesmo alguns modelos da attack), essa caixa da staner surpreende pela qualidade do som. O grave é muito bom, não é de tremer os vidros como um sub, mas é realmente bom. Médios e agudos são perfeitamente alinhados, e a junção de grave + médio + agudo fica muito redondinho. Fiz uma pequena resenha em meu terraço, usei somente uma caixa dessas e o som ficou beirando a perfeição (tendo em mente que não usei nenhuma caixa de sub, só controladora + mesa de som + caixa staner). Grave encorpado, voz limpa e agudos só marcando direitinho. Podem comprar sem medo, nessa faixa de preço não tem melhor! vale 100% de cada centavo."
5,"A staner ps1501 é uma excelebte caixa de som. É o melhor custo benefício do mercado pois cem com tripé para colocar ela e pelo fato do tripé dela ser em 2 partes uma das partes ainda serviu de pedestal nos meus subgraves ativos da datrel, deixando o visual mais elegante com a caixa ativs acima dela. O controle remoto é ótimo e uma das coisas que mais gostei foi que ele pega de frente para a caixa, não precisando ir atras toda hora pra ficar mirando atras da caixa de som pra trocar as músicas. A função tws é ótima pois com 2 caixas ativas desse mesmo modelo você pareia as 2 via bluetooth e faz o som sem fio em estéreo. Mas funciona apenas no bluetooth. Você pareia o celular em uma das caixas, depois liga o bluetooth da outra caixa e daí na primeira caixa que você conectou o bluetooth você aperta a tecla tws pra parear as 2 caixas e curtir um som estéreo. O som dela é ótimo, bem limpo com graves presentes não aquela pancada de som automotivo não mas um grave bem gostoso de ouvir. Os agudos são bem equilibrados e o som não clipa facil de jeito nenhum, só clipa mesmo se voce forçar ela em wuase volume máximo, o que já é um bom som. As conexões são boas, nao apresenta chiado ou microfonia com os 🎤 que tenho aqui só se você aumentar muito o ganho do 🎤. Caixa de som bonita, bem robusta e bem construída. Possui rodinhas pra ajudar no transporte e alças pra transporte. Recomendo muito a caixa de som. Com 2 aqui ficou animal. Juntando meus 2 graves o som ficou toop. Recomento."
5,Ótima caixa compramos 2 pra usar na igreja já conhecia a caixa som de qualidade e bem definido nada a reclamar.
5,"Pelo valor cumpre seu papel, a qualidade do som e os graves não são tão bons mas pelo valor está ótimo, bateria tem uma boa duração em volume médio."
5,Produto bom. Qualidade do som tbm e bom.
5,Excelente produto vale a pena comprar 👍👍👍.
5,"Rapida conexao, bom som e fácil utilização !. E ainda tem rádio."
5,Caixa de som de qualidade!!! sim puro. Vale muito a pena a compra!!! que som maravilhoso!!!.
5,"Qualidade de som ótima, não é um som alto mais tem agudos médio e grave de qualidade, o material usado têm boa qualidade tudo bem colocando sem rebarbas."
5,"Eu amei essa caixa de som!!! excelente custo benefício, material de qualidade maravilhosa, os graves são ótimos, os agudos não arranham, é fácil de usar, os microfones são lindos e sensíveis ao som, a caixa não dá trabalho pra conectar o bluetooth, a correia é segura e confortável e os leds são lindíssimos!!! recomendo demais!!!."
5,"Apesar dl tamanho ele é excelente e os microfones são de ótima qualidade , recomendo."
5,"Caixinha simplesmente incrível. Som limpo, alto e os microfones ainda vem com função de karaokê que ""tira"" a voz das músicas pra você cantar."
5,Muito show.
5,"Podem comprar sem medo. A qualidade é otima, os materiais, os leds, tudo muito bem feito, a conectividade é boa e rapida. O som tem muito reforço dos medios e a função de reforço de grave na verdade apenas corta os agudos, o que deixa o som mais pobre. Minha dica de ouro apósquase 1 mêsde uso: baixe um aplicativo de equalização no celular e deixa configurado como esta na foto. Pronto, vc vai ter um som muito proximo a uma jbl por 20% do valor de uma dessas. Outra dica é para lugares abertos: deixe a caixa no chão, assim os graves se propagam melhor e o som ambiente fica top d+. E sim a caixa é mto potente!!!."
5,O som não é de 400w nem pensar mas para uso doméstico até que funciona.
5,Deveria ter opção de fazer vídeo do produto funcionando para que futuros clientes possa ver as avaliações melhores. Mais é um produto de ótima qualidade minha esposa amou recomendo.
5,"Amei tudo perfeito. Pra quem procura menos volume e qualidade alta essa me surpreendeu,ótima para encontros familiares e baladinhas atende a todos!."
5,"Produto excelente atendeu minhas expectativas , e um som perfeito e potente."
5,Ótima gostei.
5,Gostaria de saber se essa caixinha pega radio fm. ?.
5,Bonita e bem alto o volume.
5,Gostei tem um volume alto ficaria mais contente se estivesse rádio fm tudo bem da pra levar.
5,"Produto muito bom, excelente qualidade."
5,"Este caixa som é muito adequado para entusiastas da música como eu, pois pode ajustar os graves e agudos. O som também é muito forte e potente, adequado para ouvir vários tipos de música e ajustar as frequências altas e baixas. E sua iluminação rgb também é muito bonita. Gostei muito deste caixa som."
4,"Um ótimo custo benefício, a caixa tem um grave bom uma duração de bateria ótima, muito boa pelo preço, e tem uma ótima qualidade de construção."
4,"Ótimo! som muitíssimo limpo graves top conectividade excelente. Materiais de ótima qualidade, bateria dura muito. Gostei 👏👏👏. Recomendo."
5,Até então t ok!.
4,"Muito boa,só acho que poderia ser um pouco mas alto o volume."
5,Muito bom e auto o microfone tem eco mas valeu apena vale muito compra.
5,"A caixinha tem um ótimo volume, mas o microfone da muito eco, não cumpriu o prometido!."
5,Caixinha ótima!!! volume alto. Adorei.
5,"Amei essa caixinha de som, recomendo ótimo som."
5,"Sou um fã de karaokê e já fui em vários… um deles usava a jbl encore e fiquei besta com a qualidade do karaokê… busquei outras caixas pelo preço (2 mil a jbl) e escolhi esta x32 imenso meio receoso…. Eu testei ela o dia todo. Pasmem, não perde em nada na qualidade e sonoridade… a bicha é bruta, compacta e linda. Me surpreendi de verdade… karaokê e som garantido em qualquer festa ou ambiente. Único ponto negativo mas compreensivo e até agradeço se precisar repor (jbl 600 reais se precisar comprar novos) é o microfone que não aparenta aguentar tantas quedas pelo material. Mas qualidade excelente de áudio. Não percebi o delay que alguém relatou aqui… voz saiu no tempo normal. Eu aprovo e recomendo!."
5,"Muito bonito, pequeno, forte e bem acabado! som para curtir músicas boas, com vocal e sem muito bass. Ótimo produto, recomendo. Obs. Não caiam nessa de 120w (no máximo 50w). Mas manda bem demais."
5,"Perfeitoooo!!!. Amei de mais,foi uma das minhas melhores compras, qualidade sucerral,queria um som que já vinhesse com microfone pra mim louvar por que o que eu tenho não e ideal para conectar com microfone e se eu aumentasse o volume do som aumentava também do mícrofone e ficava muito alto,já esse tem a opção tanto de você diminuir o som do microfone quanto do som!. O som realmente e bem alto, o som do microfone sai perfeito!!. Eu pesquisei muito antes de comprar,e ameiii demais😍😍😍."
5,"Melhor custo x benefício. Som bom, é alta, bonita, microfones são bons. Tem um delay no microfone e o bluetooth não alcança muito longe, mas se levar em conta o valor eu compraria de novo sem pensar duas vezes."
5,"Ela é simplesmente maravilhosa! a qualidade do som é impressionante, assim como a qualidade dos microfones, que além de potentes são lindos! a bateria dura suas 7 horas se usada com moderação, ouvindo no som em até 50% o que no ambiente doméstico é mais que o suficiente!. Ela é muito alta! meu irmão tinha uma caixa mondial 400w que não era tão alta e com som tão nítido quando essa! veio toda completinha, bonitinha e intacta. Tô fazendo o teste esses dias e até agora estou satisfeita! ela só tem um único probleminha. Um leve delei nos microfones, mas é tão leve que se não fosse meu irmão músico à anos eu nem teria notado, não atrapalha em nada a cantoria e no microfone a fio não há atraso algum! enfim! pra quem curto karaokê foi a melhor compra que eu fiz no ano!."
5,"Maravilhoso, ta tirando minha mãe da depressão. Qualidade ótima, to apaixonada."
5,A caixa muito boa ela tem led superou minhas expectativas.
5,Gostei recomendo preço muito bom qualidade boa bem potente amei comprarei de novo.
4,"Achei sensacional, muito bom mesmo pelo custo. O som é bem alto, porém parece que é meio abafado, mas de resto, parece ser ótimo. Em relação a bateria ainda não testei, mas no geral nota 4/5."
5,"O som é ótimo, a bateria dura muito veio tudo funcionando. Tive que trocar a bateria do controle pois nao tava funcionando. O eco do microfone na caixinha não é muito bom mas minha família se divertiu muito. Vale muito a compra."
4,Cumpre o que promete.
5,Muito boa som alto.
5,Maravilhoso.
5,Caixa de som excelente mais do que o esperado muito potente top demais.
5,"Produto funciona bem, cumpre a proposta."
5,Fala muito conectado a alexa nuu. Só alegria podem comprar sem medo. Melhor que a 400 está 550wats perfeito.
5,"Qualidade ótimo, material bom, volume e qualidade do som ótimo , fiquei satisfeito com a compra, eu recomendo."
5,"Atendeu as minhas necessidades. Para quem quer uma caixa para uso doméstico, ou aquele karaokê no churrasco super indico."
4,"Acabamento ruim , mas pelo valor vale a pena."
5,Produto excelente! usei dois sistemas em um teatro para 400 pessoas fazendo música instrumental e ficou perfeito!.
4,"Ótimo custo benefício, som claro e bom graves , ótimo pra divertir e escutar boa música."
5,Gostei bastante desse produto!.
2,"Produto é bom ,veio funcionando e tal , porém veio com problema no botão de ligar e desligar a caixa , botao n trava na hora de desligar , fica so no ""on "",só liga direto na tomada e pra desligar tbm, só na tomada , n vou devolver pq preciso dessa caixa pra omtem ,somente. Antes de enviarem ainda ainda pedi pra conferir se tava tudo certo e a loja disse q tinha testado e tava tudo certo. Enfim."
4,Ótimo adorei.
5,Amei minha alexa!.
5,Excelente produto e muito prático de usar.
5,Ótimo a alexia fica num lugar que não atrapalha.
5,"Ótimo produto,para música o som é prefeito,comprei pra minha filha presente de aniversário."
5,"Excelente espriência de áudio, equipamento com muitos recursos."
5,"Incrível! tava querendo comprar uma alexa faz tempo e não sabia qual, essa foi minha escolha e não me arrependo, vale cada centavo!."
5,"Simplesmente um show!!! eu não sei mais viver sem esse magnífico echo dot. A alexa passou a fazer tudo para mim. Eu simplesmente mando acender as luzes e ela acende. Mando apagar e ela apaga. Eu digo que vou ver tv e ela liga o tv box, a tv e a sound bar. Eu digo que acabei de ver tv e ela desliga tudo. Eu peço para ouvir música e ela toca. Eu peço para ela me acordar, e ela acorda, eu peço para ouvir notícias e ela bota notícias para eu ouvir. Eu peço para ela marcar 10 minutos para mim, e ela marca. Resumindo, ela faz tudo e mais um pouco. Usando controle remotos wifi smart inteligentes eu consegui configurar equipamentos antigos, que tenho a mais de dez anos. Ela liga e desliga tudo pra mim, sem problemas. Eu simplesmente amei. Eu comprei três e estou totalmente satisfeito. Eu recomendo para todos que gostam de tecnologia, e para todos que querem ter uma casa inteligente. Podem comprar sem o menor medo."
5,"O tamanho da caixinha não mede seu real potencial, a qualidade do som é incrivél e além disso, a alexa pode ser sua melhor amiga dentro de casa, auxilia em várias tarefas do dia a dia. Achei que o aplicativo confuso mas logo você pega o jeito e consegue configurar tudo ao seu jeito, aqui em casa meus eletros não possuem wi-fi então para toda a mágica de casa inteligente acontecer vou precisar investir num controle universal infra vermelho, isso me deixou decepcionada mas não tem nada a ver com o equipamento, fica realmente a ressalva para quem tiver planos de comprar e também não possuem televisão, ar condicionado ou demais equipamentos com wi-fi. A alexa é um primeiro passo para automação mas nem de perto um equipamento único, ainda sim acho que vale super a pena!."
5,"Top top, mas perante a qualidade e potência do som assim como considero a mais ""atenta"" devido a menor frequência das ocasiões tendo que repetir ""chamados"" (dizendo apenas alexa e ela não interagindo assim tendo que chama-la novamente ou então mais ocasionalmente ainda mas ocorrendo algumas situações de dar algum comando e ela não compreendendo e tendo de repetir) indico a echodot 4 sem relógio. Mas ambas são uma excelente ""secretaria""!. Aliás outro grande detalhe que vale apena destacar (principalmente se como eu, tem firestick também) é que se tu for assinante amazon music (fui prime mas não gostei e não aconselho, devido após a primeira música de uma playlist, ou álbum selecionando ou pós uma música solicitada entrando em modo aleatório já na próxima faixa) já no unlimited fica top, rodando e tocando somente o que solicitou, sem anúncios e limites, assim digo a ti que terá uma excelente relação com alexa perante músicas, agora caso (assim como eu também) assinante do youtube premium e espera alguma facilidade com este aplicativo, ""pode tirar isto da cabeça"" pois ""tudo"" que for solicitado à alexa referente a vídeos ou músicas ela vai abrir os app da amazon (mesmo dando comando pra abrir pelo youtube ela abre o app amazon, ao menos assim ocorrendo comigo). Considerando estes detalhes super recomendo pois os demais são ""só alegria""!."
5,"Sensacional, ajuda muito nos afazeres do dia a dia, tem muitas skills úteis. Eu tenho deficit de atenção então sempre que dormia eu precisava colocar algum vídeo pra ouvir para que me cérebro se concentrasse no som e eu conseguisse acalmar meus pensamentos, e a alexa toca sons pra dormir, chuva, tempestade, riacho etc. Só por isso o produto já me deu qualidade de vida. Tenho uma lâmpada smart e ela sincronizou sem problema nenhum. Som? excelente, toca muito alto, muito alto mesmo, dá pra usar tranquilamente pra ouvir umas músicas de forma descontraída. (festas não sei, sou antisocial e não faço festa). Enfim, sensacional, mesmo que você só tenha 1 ou 2 coisas smart, ou até mesmo nenhuma, vale muito a pena."
5,"Ótima qualidade, som perfeito, ela atende a todos os meus chamados. Para quem tem dúvidas, o padrão da tomada é o americano, mas nada que um adaptador não resolva."
5,"A alexa e suas echos são maravilhosas mas vou deixar alguns pontos. Eu tenho uma echo dot 3 e tenho uma echo show também. Assim que abri a caixa a primeira coisa que percebi foi o plástico, o material, não é o mesmo, achei mais inferior. Também notei o peso, mais leve. Mas sei que essa echo pop é mais simples, mais barata, mais enxuta em relação as outras. Espero que a amazon não diminua de qualidade. Antes de comprar vi na internet que o som dessa echo pop era melhor. Em relação a que eu tenho, a echo dot 3, não é. Segurando as duas, a echo dot 3 e essa echo pop é notório a qualidade do material, do plástico, o peso. A echo dot 3 é melhor. Dependendo da folga no bolso acho que é melhor procurar uma echo dot 5."
5,"Produto de qualidade excepcional, o som é perfeito, com graves na quantidade certa! sinceramente me surpreendeu. Estou amando!."
5,"Alexia pop com esse novo processador ficou bem responsiva, quando você chama é super rápida, as respostas também são imediatas, o som de excelente qualidade, com esse suporte do lado da minha cama ficou muito útil, consigo dar os comandos da minha cama para os componentes inteligentes, antes de dormir escuto minhas playlists do spotify, você tem alguma dúvida ou preciso de alguma notícia é muito fácil ter acesso, solicitei barulho de chuva e trovões juntamente com o time para ter um momento de relaxamento e dormir mais agradável. Pela manhã cedo ela me despertou e como configurei já tocou uma música e já me passou as notícias do dia. Um dia de uso já não consigo mais ficar sem, recomendo comprar esse suporte no mercadolivre e deixar do lado da cama fica muito útil e prático."
5,"Adorei essa alexa. Achei super custo benefício e agora consigo me organizar melhor nela, além de muitas outras coisas. Recomendo! só fiquei um pouco confuso na hora do microfone ligado e desligado, mas fora isso ok, só baixando o celular e configurar."
4,"Gostei muito do produto mas tenho dois pontos: o primeiro é que o manual que foi enviado não tinha em português, só inglês, espanhol e francês e a tomada que é aquele tipo chato que não cabe nas tomadas vendidas no brasil. Tendo que colocar um adaptador."
5,"Maravilhoso e surpreendente! meu paizinho teve covid que evoluiu para um avc onde perdeu os movimentos do corpo! ele e a alexa se deram muito bem! ele pede tudo pra ela e dessa forma se sente mais independente! foi uma ideia e tanto pra ajudar na recuperacao dele! e o produto em si, funciona super bem e nao é nada dificil de instalar e operar! nota 10."
5,"Eu particularmente amei, facilita muito minha vida e confesso que me deixou meio preguiçosa kkk. A alexa mima a gente de uma maneira diferente, sempre educada (as falas são muito fofas??) e responde tudo de verdade, fora que quando é um dia especial, ou comemorativo, ela te informa logo quando vc da bom dia pra ela. Já testei com música (som incrível) comando de voz bem atendido (uso spotify). Já usei com audiobook, leitura muito bem feita, adapta os sons caso seja uma leitura dramática. Já usei para jogar, siiiim tem essa função também, jogos funcionam muito bem e é uma boa pra descontrair. Fora funções ""básicas"" como programar alarme, temporizador, fazer lembretes e falar as notícias do dia (de acordo com a fonte que vc programar- eu uso cnn). Tem uma função q eu descobri essa semana, uma skill dela (tipo uma função q vc adiciona no app) ajuda o idoso, ela se torna um apoio, comunica a família caso ele peça ajuda, fora que conversa com ele, passa receitas. Resumindo recomendo para qualquer pessoa, faixa etária, ritmo de vida."
5,"A qualidade do produto e da loja é excepcional. Mas vou dar uma dica, único problema é que é bem inútil sem outras coisas, tipo lampada wifi, ar condicionado wifi, tudo precisa ser com wifi e não é barato, da um certo trampo fazer tudo certinho. Sendo bem sincero, é melhor comprar uma jbl que carrega a bateria e usa onde quiser e controla pelo iphone mesmo e é isto. Outro ponto é ter que ficar fixa num canto, já que assistente virtual se tirar da tomada ela zera e precisa reconfigurar - uma função - enfim. Produto de excelente qualidade como eu disse, porém é necessário entender se é essa a sua necessidade realmente."
5,O acabamento do produto é sensasional. Muita gente fala mal dizendo que a alexa é um pouco surda mas comigo ela escuta direitinho kkkkk agora é só automatizar a casa toda kkkk. A princípio parece que a alexa é um supérfluo mas vc vai utilizando ela de uma forma que otimize sua vida e funciona :-).
5,"Adorei a alexa!. Indico que vejam em alguns sites as frases de comando para que possam aproveitar melhor!. A função de só pedir a música e tocar é excelente, porém, percebi que no spotify apesar de pedir a música da forma correta, tocava a música errada. Sendo assim, assinei o amazon music por r$ 6,90 e agora toca a música corretamente."
5,Muito bom super recomendo obrigado mercado livre.
5,"Amei demais 🤩 tem um som ótimo. Ela conecta bem com os aplicativos,fácil para arrumar e liga lá ❤️ amei super recomendo,só para conectar tem k ter as tomadas específicas para ela conectar e para as luzes tbm tem k ter o plugue certo para ela comandar. Mas não fica tão caro os plugues para ela comandar. Intende bem o que falamos e responde certinho e intende todas as vozes 😊❤️ amei. Comprem não vão se arrepender."
5,Gostei da alexa muito bom o som recomendo.
5,Linda maravilhosaaaaa.
5,Simplesmente ameiii.
5,Maravilhosa 😍😍 amei 🤩 muito ❣️.
5,"Produto excelente, além de bonito. Excelente compra."
4,"O som tem uma ótima qualidade, os comandos de voz são responsivos. Único porém é o conector de energia que não é padrão br, então não deve ser fabricado no brasil. Espero não ter problemas caso precise acionar garantia."
5,"Melhor coisa que fiz foi comprar a echo dot 5, e colocar relés nas tomadas, luz inteligente no quarto e tomadas inteligente tbm, controlo tudo por voz ou programação, o som dela e muito forte pelo tamanho dela. Fora que fiz uma rotina boa noite( ela apaga todas as luzes e desliga a tv sozinha, etc. )."
5,Eu achei meu produto maravilhoso.
5,Muito boa funcionando perfeitamente responde bem os comandos amei a minha alexa.
5,"Muito bom ,o som é ótimo ,a receptiva do produto muito boa !! qualidade de som 😀👍🏾."
4,É mais ou menos confiável não comprem.
5,"Encaixou perfeitamente na echo 3a geração, deixando ela vertical e facilitando a captação dos comandos."
5,Otimo.
5,"Material bom é de fácil colocação na parede, gostei muito!!."
4,"No começo amei, mas ainda não a entendi direito. Peço para contar uma piada engraçada, com história, e ela só fala o que é o que é. Não sabia que teria que assinar a amazon para ter playlist, pago quase 15 reais. Como não sei fazer ligações e programas em luz para automatizar, então a uso para ver as horas,ouvir musicas, temperatura, dicionário, coisas pequenas. É legal, mas não foi tudo isso! muitas coisas que pergunto ela responde que não tem programação."
5,"Produto muito bom! cumpre o que propõe. Permite automações e essa quinta geração vem com sensor interno, permitindo ainda mais variedades de controle."
5,"Ótimo produto. Comprei de presente para o meu namorado. Compensa ver no dia da compra se vale mais a pena comprar aqui pelo ml ou pelo próprio site da amazon. A tomada é modelo americano mesmo, o que não é problema algum se há o adaptador para ligar na tomada. A tomada de modelo brasileiro (tipo n - três pinos) custa 89 reais na amazon (data deste comentário) -- geralmente compatível com os modelos de tomadas aqui do brasil e também mais fácil de encontrar adaptadores (benjamins) para conectar. Acho que o ponto principal é mesmo a tomada, porque para algumas pessoas pode compensar pagar mais ""caro"" no site da amazon mas ter a tomada padrão brasil que vai ser menos desgastante para instalar mas para outras isso não faz diferença. Importante lembrar que a amazon faz promoções relâmpago dos produtos echo no site, então sempre bom olhar lá antes de olhar aqui também. Sobre a alexa em si, ela funciona da mesma forma que vemos nos vídeos do youtube. É um ótimo produto, extremamente prático e divertido. Para quem equipou a casa/cômodos com luzes ou interruptores inteligentes ela vai apagar as luzes, mudar de cor, muito bacana. Além de ter integração com diversos eletrodomésticos mais atuais. Importante observar também que a luz inteligente pode dimerizar (mudar intensidade da luz) enquanto que os interruptores para luz normal não dimerizam, então a alexa apenas liga e desliga a luz. Recomendo ver se compensa mais trocar as lâmpadas ou comprar o interruptor inteligente."
5,"Pra um primeiro contato mais de perto com a alexa é um produto interessante. Meu objetivo ainda não é automatizar a casa mas ela trás recursos interessantes como sintonizar rádios específicas, saber coisas sobre o mundo, notícias, feriados, agendas e outra infinidades de coisas usando comandos de voz… consegui automatizar a tv, porem é bem limitado. No mais acho q muitas pessoas podem curtir ainda mais essa de quinta geração q saiu por 300, som muito bom para ambiente e com termômetro. O ponto negativo é vir q tomada de chapa, mas já tinha adaptador aqui pra isso…."
5,"Comprei com um certo receio por ser importada, porém para minha surpresa veio no padrão brasileiro, totalmente em português. Muito satisfeito."
5,"Esse suporte é simplesmente perfeito. Como vcs estão vendo aí na foto tem o encaixe perfeito, de frente, dos lados e atrás onde o fio e a tomada ficam bem encaixados. Eu amei 💜💜."
5,"Até o presente momento gostei do produto, condiz com o preço. Na minha tomada não firmou totalmente as vezes parece que vai cair quando tocamos. Fora isto é muito agradável."
5,"Echo dot 5ªg me surpreendeu positivamnete ! além de extremamente facil de configurar, tudo pelo celular em poucos segundos, o som e bem melhor do que eu pensei o som tem um bom grave, quem não sabe onde está o dot nao sabe de onde vem a voz da alexa. Além do mais testei e aprovei a integração com spotify aparece o que esta tocando no celular no spotify e no dot, e tambem controla meu sticktv, e ate liga minha tv. Muito bom , bem melhor do que eu pensei !!."
5,"É a terceira alexa q compramos tenho uma na cozinha , uma no salão de festa e agora comprei p área de lazer na piscina não ficamos mais sem alexa."
5,"Ótimo produto, estou amando. Porém aviso que o pino da tomada é americano, então compre um adaptador."
4,"Muito prática, bastante funções. Peguei ela com um cupom de 30,00r$ o que foi bacana para mim."
5,"Comprei produto para usar no brasil e veio com tomada americana. Então está praticamente inutilizável, pois além de pagar o produto tenho que comprar adaptador. Nas fotos vi que algumas pessoas receberam a tomada normal."
5,Eu recomendo muito bom.
5,Amei!!!.
5,Top demais a alexa amei foi amor a primeira vista funciona perfeitamente.
4,"O único defeito é que veio com o plug no padrão americano, o que dificulta a conexão com a tomada. Principalmente se quiser utilizar um suporte. Mas o produto é bom!."
5,Funciona de acordo com as especificações. Compraria novamente.
5,Eu não sabia que precisava assinar a amazon para funcionar legal. Mas no mais é legal.
5,Vale muito a pena.
4,Só configura em inglês!.
5,Muito fofo. Combina com qualquer alexa.
5,Produto é bom 👍.
5,Amei! lindo! coloquei a alexa.
5,Produto é muito bom.
1,Não coube a alexa 5 geração.
5,Produto excelente.
5,Muito bom. Produto original e de qualidade. Recomendo. 100%.
5,Gostei muito da alexa eu precisava mesmo amei ….
3,Produto excelente. Faltou o adaptador de tomada nacional.
4,"Achei o som um pouco baixo , demorou um pouco para configurar ela e as vezes ela não compreende o que falamos , mesmo sendo claro no pedido. Eu esperava um pouco mais , mas mesmo assim indico para quem está a procura de uma praticidade em organizar agendas , lembrete e afins."
5,"Muito prática, obedece os comandos direitinho, não tive problema em conectar no celular e o valor é bem acessível."
5,"Adoreiiii, foi mais doq imaginava, não me arrependo da compra, podem comprar sem medo."
4,O som da uma bugada as vezes.
5,"O produto é ótimo mas é difícil de operar. Quando a gente instalar a primeira parte deveria ter instruções mais detalhadas sobre outras conecções. Quando a gente pergunta como fazer, ela responde não sei como ajudar. Ela sabe tudo sobre o alheio mas nada sobre como fazer a instalação dela. Mas a gente vai errando e aprendendo. A qualidade do som é ótima, e para quem tem bastante habilidades com as tecnologias também não deve ser problema."
5,Valeu a pena a compra.
5,"Produto original, lacrado, sem surpresas."
4,"Produto excelente, no entanto as configurações do aplicativo são difíceis no app, app que só pode ser baixado de links fora do play store ou reconfigurando-o."
5,"Excelente,a amazon sempre nos surpreendendo,temos uma echo dot 4 geracao e agora com nossa echo show 5 nossa casa ficou completa com nossos varios produtos que temos de casa inteligente. Sua camera tem uma qualidade otima p chamadas de video e ate msm p assistor aos videos."
5,"Gostei bastante, o som dele é bom mas dá echo dot é melhor. Só que a vantagem desse é a câmera, vc pode monitorar o que vc quiser, eu saio e consigo ver minha gatinha, e posso chama lá se quiser, um exemplo ,ela estava na mesma posição por muito tempo aí chamei e vi que ela se mexeu. Recomendo."
5,"Já tenho a echo dot e sempre quis uma com telinha touch,a echo show é top mostra tudo que quiser(limitado)na tela porém achei ela mais surda que a echo dot,algumas vezes a chamava e é mesma não me ouvia,troquei o nome de alexa pra echo e agora ela me ouvi sem problemas…."
4,"Primeira impressão … quando liguei a primeira vez , ele não escutava , não fazia nada… estava quase embalando para devolver… nisso pensei em procurar algo nas configurações, onde vi a opção de atualizar… e sim , depois de feito isso … ela não escutou tudo hahah e atendeu todos os pedidos…. Depois desse probleminha , super adorei ela…. Tamanho pequeno , porém é super linda!!! amei."
5,"O aparelho nao é nacional veio em outro idioma, porem é possivel a troca para português br, o chato é o carregador que é padrão americano, precisa usar um adaptador. Mais depois de todos problemas solucionado, o aparelho é bom de mais, uma digna alexa que ajuda bastante."
5,Gostei muito recomendo 🙂.
5,"Muito legal,ela nós diverte ficamos horas e horas conversando com ela,tenho 7anos,minha irmã 5. Meu nome e lia,e minha irmã isa. Obrigado,bom dia."
5,Linda maravilhosa. O único problema é que o plug e americano necessita adaptador.
5,"Top demais, gostei muito do produto. Todas as funcionalidades ok. Pensei q por ser kids não iria ter todas as funcionalidades, apenas desativei o modo kids e virou como normal."
4,Amei 😍😍super indico!.
5,"Não mando na minha esposa, mas. Mando na alexa. É pra isso que serve esse negócio. Recomendadissimo pra quem tem a mulher que manda em casa."
5,"Para quem pensa em comprar é um produto excelente. Cara. Ela faz calculo com número altos, tipo 156+375-921. Rsrsrs. Legal. Dps que comprei ela deu ainda mais vontade comprar os dispositivos para deixa a kinshasa casa inteligente, mas pra qm qr começar, compre quase tudo da mesma marca, ex: tomada da marca x, interruptor da marca x, led da marca y, bocal de lampada marca y, etc. Prq assim fica muito mais fácil a alexa reconhecer um dispositivo. O único defeito dela foi realmente a fonte de alimentação, prq não vem no padrão do brasil, aqueles três pinos, mas sim dois pinos chatos, mas nada que um adaptador de tomada não resolva isso. Pra que for comprar não vai se arrepender."
5,Muito bom!! já tinha uma alexa de3 geração. A única coisa que eu não gostei foi da do tipo da tomada veio aquele tipo de encaixe de duas lâminas chatas tive que colocar um adaptador de tomada.
5,"Uma compra certeira! aparelho maravilhoso, super interativo e funcional. Comprei para presentear meu sobrinho e ele amou a surpresa. Funciona perfeitamente, basta baixar o aplicativo correspondente no seu celular (vc encontra vídeos explicativos no youtube) e seguir os passos para a configuração. Alexa é uma ótima companhia, além de ser muito útil. Já estou pensando em comprar uma para mim tb. Valeu muito à pena. Estou satisfeita! obs. : recomendo esse da quarta geração, lançado em 2020, pois o da terceira já saiu de linha."
1,Não serve para nada.
1,Horrível.
1,"Pensei ser outro produto, me senti engada."
5,"Não gostei, quero até devolver. Não deu certo."
5,Otima.
5,"Ela é maravilhosa é a segunda igual que compro, a outra foi diretamente da amazon, mas não veio diferente, veio com padrão de tomada brasileiro e até o relógio já veio no padrão nacional, tem um som excelente, ouve muito bem, tenho uma echo 4ª geração (maravilhosa) e tbm outras 4 echo pop que não ouvem tão bem quando a 4ª e 5ª geração, mas tbm gosto muito delas, porém essa 5ª geração é muito top e super recomendo ❤️ vcs perguntam sobre duração da bateria, não existe bateria, ela é ligada e só funciona direto na tomada, oq é uma pena pois seria perfeita se fosse mais autônoma nessa questão energética."
5,Produto original com tomada padrão do estados unidos.
5,"Acho que foi a melhor coisa que eu comprei nesse últimos anos! é prática, me ajuda com alarme, notícias, músicas, lembretes, diversão e entretenimentos variados. Compraria até mais alguns para dar de presente. Acho que todo mundo deveria ter uma alexia."
5,"Amamos, bem fácil de configurar, quando conectou no celular já mudou o idioma para português."
5,"Infelizmente veio tomada americana mas pelo valor pago valeu muitoo a pena comprei um adaptador de r$ 5 e funciona perfeitamente, o produto veio lacrado com tudo certinho, essa versão vem com relógio e o sensor de temperatura perfeitoo, recomendo comprar a luz inteligente da ekaza valor é ótimo e para complementar comprei o multilaser liv para ligar tv automaticamente. Se você está se perguntando se vale a pena comprar um alexa minha resposta é sim."
5,"Vale muito a pena, cada dia vc descobrir novas funções e maneiras de facilitar sua visa."
5,"Achei perfeita, muito pratica pra lembrar de algo e o audio é impecavel, as skill pra casa inteligente são boas, a parte ruim é que pra ouvir musica se vc não tiver assinado o amazon music a cada 3 ou 4 musicas é uma propaganda mas pega spotify perfeitamente, resumo, se for pra vc utimizar suas tarefas ela é boa, agora se for so pra ter uma alexa ela acaba perdendo a graça com alguns dias de uso."
5,Ótima esperiencia.
5,"Gostei muito! demorei para conseguir conectar no hi fi, mas agora tudo certo."
4,Ainda tô testando.
